{"Frobenius_distance": [1.0487905609915644, 1.035346480718922, 1.016723130719891, 0.9838360106429318, 1.1458296860707649, 0.9941616464284511, 0.9508946320033318, 0.9719686173479987, 1.1989653321875244, 1.0897169061197585, 1.032077744921308, 1.0820176908727233, 1.0059723590082963, 0.9663473223178066, 1.3187798877130446, 1.1000820670456593, 1.2039861326495176, 1.0603225433971144, 1.0052904429778553, 1.1109656381748043, 24.326273039475875, 24.207572751107556, 23.90244722549618, 24.08467965904441, 24.4100536207154, 24.2949827476413, 24.112448939830387, 24.34073387537647, 24.111929054769295, 23.91133924457391, 23.789743015330565, 24.470760158545648, 24.35923644595528, 24.037023894281504, 24.480147105327394, 24.323492564518354, 24.234938723826534, 24.174843465350627, 24.150806966400797, 24.270299097410515], "JSD": [666.3565072861869, 666.3565072861869, 666.3565072861869, 666.3565072861869, 666.3565072861869, 666.3565072861869, 666.3565072861869, 666.3565072861869, 666.3565072861869, 666.3565072861869, 666.3565072861869, 666.3565072861869, 666.3565072861869, 666.3565072861869, 666.3565072861869, 666.3565072861869, 666.3565072861869, 666.3565072861869, 666.3565072861869, 666.3565072861869, 666.3565072861869, 666.3565072861869, 666.3565072861869, 666.3565072861869, 666.3565072861869, 666.3565072861869, 666.3565072861869, 666.3565072861869, 666.3565072861869, 666.3565072861869, 666.3565072861869, 666.3565072861869, 666.3565072861869, 666.3565072861869, 666.3565072861869, 666.3565072861869, 666.3565072861869, 666.3565072861869, 666.3565072861869, 666.3565072861869], "Centrality_distance": [0.35631069608207555, 0.3552946634348273, 0.350968251748809, 0.36187598086037676, 0.3568104265305927, 0.3709996053204465, 0.36064035298844993, 0.3691844786848026, 0.3494220858792604, 0.35711225780657324, 0.3626729795388754, 0.3538777965092595, 0.36850339393118714, 0.3677715334917134, 0.3570192957076509, 0.35800943263749785, 0.35800716168501884, 0.35600367613285583, 0.3691556695570584, 0.3542574909417747, 0.29196597103421196, 0.3139195632387335, 0.31176803711928697, 0.3224877777181882, 0.2901187613374805, 0.30594029222560626, 0.30262890337142573, 0.30417310057838776, 0.29275564376558477, 0.3056619149641629, 0.3129265628697734, 0.3069567526862384, 0.3094054046116229, 0.2912145697153635, 0.30517452062649375, 0.3003648157791219, 0.30077560457678243, 0.29999995689607584, 0.3197267626979589, 0.3052923830703802], "Density_distance": [0.22657631778430098, 0.22210616159612423, 0.22884051807721276, 0.22807208668669918, 0.22611577105157873, 0.22888622266656813, 0.2298082918309342, 0.23172705091706025, 0.21974495841676048, 0.22401580536384458, 0.22013587797201245, 0.22712139327802258, 0.22675698432701236, 0.22795793440401285, 0.23086455777165393, 0.22754618609077057, 0.22320856046813098, 0.23025439395304007, 0.2291135004463669, 0.224471869944559, 0.19491600261791672, 0.1843682047195119, 0.190199355145667, 0.1994152387277971, 0.1954177771859845, 0.1928267382667476, 0.20226930710123983, 0.20086641576254088, 0.18898373685138392, 0.1958309463818334, 0.1913871214548152, 0.1951679594396681, 0.19736261913899636, 0.19449672945237836, 0.1878290818183442, 0.18662082885472242, 0.19654985718711207, 0.19904519526018125, 0.19914014893706772, 0.1911966356515843], "Degree_distance": [2.182307285683868, 2.200995659310826, 2.169819345942877, 2.1678089689158755, 2.144598666222325, 2.1527042038756887, 2.160601209964841, 2.1939581885301256, 2.174376790877159, 2.166933586253407, 2.2096316808485157, 2.131576344919499, 2.218527078571795, 2.1981799281246026, 2.1661767013293702, 2.158764344716526, 2.1776626455592183, 2.1862694805164784, 2.1902318446685163, 2.164395294251746, 2.0117127895174822, 1.9883731845927843, 2.0006860672974183, 2.0342211557994987, 1.9737581676953992, 1.9724782429255914, 2.0170198626717157, 2.038902143320283, 1.9604399178351626, 1.9965493357102884, 1.9442684045441418, 2.0536606974213307, 2.0061002660345397, 1.928301217985839, 1.9520843155256664, 1.948251406844156, 1.898587330023348, 1.9600567407996388, 1.9739798824450094, 1.9731381092929108], "MMD": [273128.78125, 272649.25, 349807.75, 360596.03125, 347958.9375, 329358.59375, 306054.375, 241739.6875, 361995.375, 279012.71875, 478198.625, 393433.8125, 430623.34375, 328063.78125, 332846.84375, 353432.4375, 355848.34375, 247858.609375, 373406.0625, 321671.0], "KID": [653.61767578125, 2.878422260284424, 2.9458441734313965, 322.31597900390625, 16.786823272705078, 2.363368511199951, 3.4072327613830566, 3.7953219413757324, 2.1341209411621094, 11.820981979370117, 3.1386032104492188, 74.27194213867188, 2.049220561981201, 9.646255493164062, 3.2363548278808594, 22.519485473632812, 3.235466480255127, 4.066798686981201, 602.3703002929688, 10.317458152770996, 39223156736.0, 42281619456.0, 39566290944.0, 55207440384.0, 42045198336.0, 74770251776.0, 51975700480.0, 62998745088.0, 38382936064.0, 38590492672.0, 32405899264.0, 45990875136.0, 37076185088.0, 33308454912.0, 43784261632.0, 47176282112.0, 46106062848.0, 67321110528.0, 42465550336.0, 42647310336.0, 2568450998272.0, 2507651940352.0, 4361906814976.0, 2791396081664.0, 1717100085248.0, 6609448730624.0, 1303430692864.0, 1569731510272.0, 4413467918336.0, 1378350399488.0, 19838139367424.0, 3287603216384.0, 4007050084352.0, 3590183452672.0, 4560396484608.0, 7191911727104.0, 4608610009088.0, 1327181594624.0, 4902738198528.0, 1328504897536.0], "FID": [266.9740293109555, 30.869127835261466, 33.57087107702199, 267.05420470092525, 56.895441516726265, 27.059618158668926, 33.958568665747705, 65.52092108513861, 26.109779788330584, 50.89914535702374, 34.86458833248825, 154.26281819848566, 35.01152562297128, 869.6731964654984, 34.69667562083663, 123.12868284564189, 36.44968006724487, 57.354075096960585, 218.91765626592698, 50.264039651042665, 206610.7021857338, 207214.39121507504, 206914.63079048155, 223536.11173131672, 207806.0734203782, 241863.38369890078, 226568.9652730652, 238732.85773652905, 200817.25970744994, 204169.15377320902, 194012.31462404144, 217019.43559066654, 204912.10946345414, 195339.74261212812, 215281.8981553465, 223392.21565318998, 213014.4691620282, 244917.27887133975, 214559.94509339516, 201598.80837253193, 572165.7273570246, 564397.7221475937, 710686.7951358827, 651864.8153538815, 583234.663851319, 744959.7092957662, 533590.3748424939, 492036.04508928163, 718087.9278420379, 508708.19701504963, 1087466.7287641838, 702753.1959498512, 760899.1354447317, 650493.3994083945, 690315.4638120006, 763321.9927305335, 723589.1961993204, 492617.98805208824, 736017.1956155427, 546077.8934824166], "Precision": [0.4507042253521127, 0.4788732394366197, 0.47183098591549294, 0.47183098591549294, 0.44366197183098594, 0.5070422535211268, 0.4788732394366197, 0.49295774647887325, 0.45774647887323944, 0.43661971830985913, 0.49295774647887325, 0.39436619718309857, 0.47183098591549294, 0.44366197183098594, 0.5070422535211268, 0.47183098591549294, 0.4507042253521127, 0.4647887323943662, 0.45774647887323944, 0.5, 0.0, 0.0, 0.0, 0.0, 0.0, 0.0, 0.0, 0.0, 0.0, 0.0, 0.0, 0.0, 0.0, 0.0, 0.0, 0.0, 0.0, 0.0, 0.0, 0.0, 0.0, 0.0, 0.0, 0.0, 0.007042253521126761, 0.0, 0.0, 0.007042253521126761, 0.0, 0.0, 0.007042253521126761, 0.0, 0.0, 0.0, 0.0, 0.0, 0.0, 0.007042253521126761, 0.007042253521126761, 0.0],