{"Frobenius_distance": [1.0487905609915644, 1.035346480718922, 1.016723130719891, 0.9838360106429318, 1.1458296860707649, 0.9941616464284511, 0.9508946320033318, 0.9719686173479987, 1.1989653321875244, 1.0897169061197585, 1.032077744921308, 1.0820176908727233, 1.0059723590082963, 0.9663473223178066, 1.3187798877130446, 1.1000820670456593, 1.2039861326495176, 1.0603225433971144, 1.0052904429778553, 1.1109656381748043], "JSD": [666.3565072861869, 666.3565072861869, 666.3565072861869, 666.3565072861869, 666.3565072861869, 666.3565072861869, 666.3565072861869, 666.3565072861869, 666.3565072861869, 666.3565072861869, 666.3565072861869, 666.3565072861869, 666.3565072861869, 666.3565072861869, 666.3565072861869, 666.3565072861869, 666.3565072861869, 666.3565072861869, 666.3565072861869, 666.3565072861869], "Centrality_distance": [0.35631069608207555, 0.3552946634348273, 0.350968251748809, 0.36187598086037676, 0.3568104265305927, 0.3709996053204465, 0.36064035298844993, 0.3691844786848026, 0.3494220858792604, 0.35711225780657324, 0.3626729795388754, 0.3538777965092595, 0.36850339393118714, 0.3677715334917134, 0.3570192957076509, 0.35800943263749785, 0.35800716168501884, 0.35600367613285583, 0.3691556695570584, 0.3542574909417747], "Density_distance": [0.22657631778430098, 0.22210616159612423, 0.22884051807721276, 0.22807208668669918, 0.22611577105157873, 0.22888622266656813, 0.2298082918309342, 0.23172705091706025, 0.21974495841676048, 0.22401580536384458, 0.22013587797201245, 0.22712139327802258, 0.22675698432701236, 0.22795793440401285, 0.23086455777165393, 0.22754618609077057, 0.22320856046813098, 0.23025439395304007, 0.2291135004463669, 0.224471869944559], "Degree_distance": [2.182307285683868, 2.200995659310826, 2.169819345942877, 2.1678089689158755, 2.144598666222325, 2.1527042038756887, 2.160601209964841, 2.1939581885301256, 2.174376790877159, 2.166933586253407, 2.2096316808485157, 2.131576344919499, 2.218527078571795, 2.1981799281246026, 2.1661767013293702, 2.158764344716526, 2.1776626455592183, 2.1862694805164784, 2.1902318446685163, 2.164395294251746], "MMD": [173792.515625, 168575.96875, 173124.28125, 181700.765625, 170063.46875, 192792.140625, 189085.734375, 197037.953125, 165733.125, 172115.09375, 159902.875, 182247.96875, 173373.921875, 161733.375, 181134.96875, 190233.84375, 171744.84375, 206791.03125, 181917.515625, 161559.40625], "KID": [653.61767578125, 2.878422260284424, 2.9458441734313965, 322.31597900390625, 16.786823272705078, 2.363368511199951, 3.4072327613830566, 3.7953219413757324, 2.1341209411621094, 11.820981979370117, 3.1386032104492188, 74.27194213867188, 2.049220561981201, 9.646255493164062, 3.2363548278808594, 22.519485473632812, 3.235466480255127, 4.066798686981201, 602.3703002929688, 10.317458152770996, 39223156736.0, 42281619456.0, 39566290944.0, 55207440384.0, 42045198336.0, 74770251776.0, 51975700480.0, 62998745088.0, 38382936064.0, 38590492672.0, 32405899264.0, 45990875136.0, 37076185088.0, 33308454912.0, 43784261632.0, 47176282112.0, 46106062848.0, 67321110528.0, 42465550336.0, 42647310336.0], "FID": [266.9740293109555, 30.869127835261466, 33.57087107702199, 267.05420470092525, 56.895441516726265, 27.059618158668926, 33.958568665747705, 65.52092108513861, 26.109779788330584, 50.89914535702374, 34.86458833248825, 154.26281819848566, 35.01152562297128, 869.6731964654984, 34.69667562083663, 123.12868284564189, 36.44968006724487, 57.354075096960585, 218.91765626592698, 50.264039651042665, 206610.7021857338, 207214.39121507504, 206914.63079048155, 223536.11173131672, 207806.0734203782, 241863.38369890078, 226568.9652730652, 238732.85773652905, 200817.25970744994, 204169.15377320902, 194012.31462404144, 217019.43559066654, 204912.10946345414, 195339.74261212812, 215281.8981553465, 223392.21565318998, 213014.4691620282, 244917.27887133975, 214559.94509339516, 201598.80837253193], "Precision": [0.4507042253521127, 0.4788732394366197, 0.47183098591549294, 0.47183098591549294, 0.44366197183098594, 0.5070422535211268, 0.4788732394366197, 0.49295774647887325, 0.45774647887323944, 0.43661971830985913, 0.49295774647887325, 0.39436619718309857, 0.47183098591549294, 0.44366197183098594, 0.5070422535211268, 0.47183098591549294, 0.4507042253521127, 0.4647887323943662, 0.45774647887323944, 0.5, 0.0, 0.0, 0.0, 0.0, 0.0, 0.0, 0.0, 0.0, 0.0, 0.0, 0.0, 0.0, 0.0, 0.0, 0.0, 0.0, 0.0, 0.0, 0.0, 0.0], "Recall": [0.9154929577464789, 0.9084507042253521, 0.8732394366197183, 0.9014084507042254, 0.9084507042253521, 0.9014084507042254, 0.9084507042253521, 0.8450704225352113, 0.9436619718309859, 0.8873239436619719, 0.7323943661971831, 0.8661971830985915, 0.9084507042253521, 0.9647887323943662, 0.8873239436619719, 0.8943661971830986, 0.9084507042253521, 0.971830985915493, 0.9084507042253521, 0.8591549295774648, 1.0, 1.0, 1.0, 1.0, 1.0, 1.0, 1.0, 1.0, 1.0, 1.0, 0.07746478873239436, 1.0, 1.0, 1.0, 1.0, 1.0, 1.0, 0.0, 1.0, 1.0], "Density": [0.3014084507042254, 0.3647887323943662, 0.38450704225352117, 0.29577464788732394, 0.30563380281690145, 0.38309859154929576, 0.38450704225352117, 0.35774647887323946, 0.3464788732394366, 0.33380281690140845, 0.29577464788732394, 0.24647887323943662, 0.34225352112676055, 0.3070422535211268, 0.34788732394366195, 0.3732394366197183, 0.38309859154929576, 0.3619718309859155, 0.32535211267605635, 0.39577464788732397, 0.0, 0.0, 0.0, 0.0, 0.0, 0.0, 0.0, 0.0, 0.0, 0.0, 0.0, 0.0, 0.0, 0.0, 0.0, 0.0, 0.0, 0.0, 0.0, 0.0], "Coverage": [0.5915492957746479, 0.7112676056338029, 0.7394366197183099, 0.6267605633802817, 0.5563380281690141, 0.6619718309859155, 0.7253521126760564, 0.5492957746478874, 0.6971830985915493, 0.6549295774647887, 0.5070422535211268, 0.5140845070422535, 0.6619718309859155, 0.5633802816901409, 0.6267605633802817, 0.676056338028169, 0.7253521126760564, 0.7253521126760564, 0.6408450704225352, 0.6126760563380281, 0.0, 0.0, 0.0, 0.0, 0.0, 0.0, 0.0, 0.0, 0.0, 0.0, 0.0, 0.0, 0.0, 0.0, 0.0, 0.0, 0.0, 0.0, 0.0, 0.0], "F1_PR": [0.6040477480636329, 0.6271647444425059, 0.6126500764880891, 0.6194403754466663, 0.5961819562710342, 0.6490248684959096, 0.6271647444425059, 0.622694161746896, 0.6164737968886684, 0.5852673770379453, 0.589293205191396, 0.5419895267328845, 0.6210946453357369, 0.6078282703890112, 0.6453372482724183, 0.6177690514785001, 0.602506938080523, 0.6288430600733063, 0.6087667148465238, 0.6321350505951103, 1.9999800003999925e-05, 1.9999800003999925e-05, 1.9999800003999925e-05, 1.9999800003999925e-05, 1.9999800003999925e-05, 1.9999800003999925e-05, 1.9999800003999925e-05, 1.9999800003999925e-05, 1.9999800003999925e-05, 1.9999800003999925e-05, 1.9997418848224643e-05, 1.9999800003999925e-05, 1.9999800003999925e-05, 1.9999800003999925e-05, 1.9999800003999925e-05, 1.9999800003999925e-05, 1.9999800003999925e-05, 1e-05, 1.9999800003999925e-05, 1.9999800003999925e-05]}