{"Frobenius_distance": [1.8537230372428892, 1.5685580174128215, 2.0520200391610466, 1.8500009934107462, 2.063009947538376, 1.9432495653629303, 1.4315045694510142, 1.8015175660451255, 1.487609678506851, 1.5458617170651754, 1.555794858932495, 1.343381194273631, 1.5958850145339967, 1.4177894731362661, 1.4025117754936218, 1.3742887556552887, 1.99065692226092, 1.6100041131178537, 1.5260968466599785, 1.4311290164788564], "JSD": [0.3767798384806762, 0.3795411539574464, 0.39202092690393325, 0.38557471938741705, 0.38790586730465293, 0.37209669478858515, 0.3763424756005407, 0.3775086803982655, 0.37527833743952216, 0.3753003951006879, 0.3762720892671496, 0.35839559909266727, 0.3760311136332651, 0.3651587950764224, 0.3781618295858304, 0.3614686546536784, 0.3819964147172868, 0.37728090807795517, 0.3651821160533775, 0.37728450445768735], "Centrality_distance": [0.4127590010490557, 0.4808366811366227, 0.48623881288368864, 0.46952249923009487, 0.4916407779023001, 0.4250079297643774, 0.4856320632402188, 0.46364155178462263, 0.46267280732399196, 0.48317300088349135, 0.4271978010751589, 0.4116379075956315, 0.47405197444066505, 0.4727181272424902, 0.4489003304494129, 0.4692979046905046, 0.4611629763679921, 0.4678665667302513, 0.38806041063224594, 0.4826642450615509], "Density_distance": [0.3506604940598652, 0.36144889991850415, 0.3885121497293314, 0.36433199656098275, 0.39369770973599716, 0.32053631139081884, 0.3672010219202122, 0.39024635032345517, 0.3446715319521626, 0.3821843089538103, 0.3572274885344892, 0.31773510076532485, 0.3931722600765917, 0.36567592289193585, 0.3364852026947255, 0.35197328927513616, 0.386973022257336, 0.3641453024470038, 0.3236675298463101, 0.3697012108608352], "Degree_distance": [8.756582499577748, 7.80869892806141, 10.512469684849428, 8.516913535184155, 9.416362335361162, 7.115036958058223, 6.871030944481147, 8.826880693505586, 7.177058797968655, 7.556870077954508, 7.618012615231864, 6.068180798949575, 7.6681114092492955, 5.675557391805624, 7.298580163058277, 7.445778141446603, 8.70623001375702, 8.491531074006295, 6.156899354001949, 7.907139297240132], "MMD": [1485069184.0, 1355574272.0, 3137292032.0, 1919033216.0, 2182003968.0, 1174801920.0, 1198119936.0, 2217155584.0, 838786560.0, 1705597952.0, 1566426624.0, 608426688.0, 1698667264.0, 678383424.0, 1338537600.0, 1632852992.0, 1912813312.0, 1387442816.0, 742844736.0, 977623360.0], "KID": [1.3728091259092636e+23, 1.1667227856649239e+23, 2.9660134287989485e+23, 1.4481353424847445e+23, 2.241276522651949e+23, 9.012935039226411e+22, 7.649016289197554e+22, 1.701822028630614e+23, 6.972454027976567e+22, 1.2184873399259054e+23, 1.2630769394045454e+23, 3.485514319347252e+22, 1.1964588830685481e+23, 3.980280449950119e+22, 1.1406568517416289e+23, 1.4819269313528159e+23, 1.2183442155297476e+23, 9.13878002433395e+22, 4.896274333560445e+22, 8.209074030938169e+22], "FID": [2943900323.779394, 2747610223.584301, 4211924521.417979, 3118258779.6304193, 3647252440.5226846, 2527532319.6761856, 2368099576.88359, 3347212152.677346, 2185100581.4949527, 2907083654.302594, 2918904241.294461, 1685867154.9709098, 2916061773.08428, 1730463152.3859632, 2744120618.785753, 3072410793.0089784, 2968678974.116311, 2551667164.765221, 1914659855.802605, 2349965546.373051], "Precision": [0.05, 0.05, 0.0, 0.05, 0.15, 0.05, 0.1, 0.0, 0.15, 0.15, 0.0, 0.25, 0.05, 0.1, 0.0, 0.15, 0.1, 0.05, 0.25, 0.1], "Recall": [1.0, 1.0, 1.0, 1.0, 1.0, 1.0, 1.0, 1.0, 1.0, 1.0, 1.0, 1.0, 1.0, 1.0, 1.0, 1.0, 1.0, 1.0, 1.0, 1.0], "Density": [0.010000000000000002, 0.010000000000000002, 0.0, 0.020000000000000004, 0.04000000000000001, 0.010000000000000002, 0.04000000000000001, 0.0, 0.04000000000000001, 0.05, 0.0, 0.06999999999999999, 0.010000000000000002, 0.020000000000000004, 0.0, 0.03, 0.03, 0.020000000000000004, 0.06999999999999999, 0.03], "Coverage": [0.05, 0.05, 0.0, 0.1, 0.1, 0.05, 0.1, 0.0, 0.1, 0.1, 0.0, 0.1, 0.05, 0.05, 0.0, 0.15, 0.1, 0.1, 0.15, 0.15], "F1_PR": [0.09525628102321862, 0.09525628102321862, 1.9999800003999925e-05, 0.09525628102321862, 0.2608850282603781, 0.09525628102321862, 0.1818348759113471, 1.9999800003999925e-05, 0.2608850282603781, 0.2608850282603781, 1.9999800003999925e-05, 0.400013599942401, 0.09525628102321862, 0.1818348759113471, 1.9999800003999925e-05, 0.2608850282603781, 0.1818348759113471, 0.09525628102321862, 0.400013599942401, 0.1818348759113471]}