{"Frobenius_distance": [0.9110297063986459, 0.8143384178479512, 0.9207829356193542, 0.8178114314874014, 0.8800854106744131, 0.8370827337106069, 0.7114812552928925, 0.8890817224979402, 0.8786011040210724, 0.7781906584898631, 0.49204767942428584, 0.87135449051857, 0.8739512463410696, 0.871101560195287, 0.8892020394404729, 0.798577113946279, 0.6790911257266998, 0.6945792476336161, 0.8029837568600973, 0.8978091259797414], "JSD": [0.0945496434966723, 0.11000742365916572, 0.17132432727764052, 0.13797123146553836, 0.1597749541203181, 0.13393036425113677, 0.1384657728175322, 0.145665601020058, 0.15718970379481711, 0.15127289096514385, 0.09954802393913269, 0.09190179035067558, 0.1293313520650069, 0.11962986104190351, 0.1172887106736501, 0.12714120584229627, 0.11194953322410583, 0.16193272251014906, 0.11459602365891142, 0.14257401637732983], "Centrality_distance": [0.17269689222124518, 0.18909558205141624, 0.17191441478851066, 0.1781801758036895, 0.22582378070311765, 0.20063421500153408, 0.20198413455182795, 0.2278144576151516, 0.24844877574563579, 0.18221583442019684, 0.16768388545164625, 0.19796909867337426, 0.16240227112486957, 0.21399092756754534, 0.18041662060026728, 0.20045490983372205, 0.1992494692221149, 0.22812607703677212, 0.24853624133857655, 0.21189580390830556], "Density_distance": [0.12596094618888737, 0.12837433794948266, 0.11761090625061216, 0.12959355894650013, 0.1761946776605221, 0.1530263237937387, 0.08144856505150622, 0.06982774578362815, 0.1822356706518234, 0.1060681148916443, 0.09369381651773295, 0.1296202082231494, 0.15603918303918302, 0.16242769313589747, 0.142431236800307, 0.1395743412479346, 0.12022613812255756, 0.20502967442898656, 0.1641442721222133, 0.14473102374796748], "Degree_distance": [1.8722721862510316, 1.693696072274447, 2.1925184837066145, 1.721594713001216, 2.9415319184774757, 1.9302508203053566, 1.7501812214589212, 1.9533730401654101, 2.8792544533033464, 1.780867973844575, 1.736633077079218, 1.8331164746261912, 2.2161777146947896, 3.033030170586489, 2.7418218320700287, 1.7958240584295306, 1.9207546931549602, 2.9363047632646375, 1.940504936148192, 1.8863658478946372], "MMD": [7544836.0, 1832364.5, 21551.455078125, 673989.3125, 20109234.0, 161941.8125, 2143.476318359375, 1864.3685302734375, 67161664.0, 5889.40869140625, 10604.4912109375, 21766.9921875, 123422.2109375, 17447478.0, 17200420.0, 458087.96875, 1193.1414794921875, 64759252.0, 374361.375, 3619546.5], "KID": [-5013592064.0, 1110574628864.0, 25751988224.0, 1161837643038720.0, 3.139625216544604e+18, 11252403273728.0, 3264676.75, 1769974.625, 3.814734657867439e+21, 196949936.0, 160241280.0, 1967002752.0, 344135794688.0, -18325932032.0, -18167633920.0, 416609730560.0, 1767435.375, 1.9122001135463532e+21, 15882125312000.0, 4.162977797033165e+17], "FID": [157319030.4278063, 37481856.13279862, 169723.23189267574, 4826589.033178964, 350448308.7668183, 2047194.044598552, 8477.989977971883, 6294.1918654040555, 659632046.2557654, 46887.99695238976, 137698.84672366333, 388438.2666028379, 1874907.5112905896, 361095143.1920335, 359157067.2087127, 8580131.882684674, 8682.014827434847, 551525399.0643768, 6372815.377565628, 42983450.76233981], "Precision": [0.75, 0.6, 0.6, 0.7, 0.5, 0.65, 0.45, 0.55, 0.65, 0.6, 0.65, 0.85, 0.55, 0.5, 0.55, 0.55, 0.75, 0.65, 0.65, 0.7], "Recall": [1.0, 1.0, 1.0, 1.0, 1.0, 0.95, 1.0, 0.8, 1.0, 1.0, 1.0, 1.0, 1.0, 1.0, 1.0, 1.0, 1.0, 0.85, 1.0, 0.95], "Density": [0.55, 0.32000000000000006, 0.35000000000000003, 0.32000000000000006, 0.26, 0.37000000000000005, 0.19, 0.2, 0.36000000000000004, 0.2, 0.34, 0.44000000000000006, 0.21000000000000002, 0.30000000000000004, 0.27, 0.22000000000000003, 0.33, 0.2, 0.32000000000000006, 0.34], "Coverage": [0.85, 0.9, 0.7, 0.7, 0.4, 0.75, 0.5, 0.35, 0.8, 0.45, 0.6, 0.8, 0.45, 0.75, 0.5, 0.4, 0.7, 0.2, 0.8, 0.6], "F1_PR": [0.8571530612221574, 0.7500106249921876, 0.7500106249921876, 0.8235397231797272, 0.6666777777629631, 0.7718853515581056, 0.620701093915946, 0.6518621947822995, 0.7878892378274203, 0.7500106249921876, 0.7878892378274203, 0.9189289846596252, 0.7096882622159714, 0.6666777777629631, 0.7096882622159714, 0.7096882622159714, 0.8571530612221574, 0.736676844442074, 0.7878892378274203, 0.8060708356262347]}