{"Frobenius_distance": [2.9612197599545893, 2.9187391472109723, 2.932957866727153, 2.739301983253972, 2.7446474092083744, 3.0011482728000294, 2.75191148101156, 3.032482912555664, 2.932702936813577, 3.0423341729628675, 2.775672066118304, 2.746882647222343, 2.818303993184899, 3.068185905099089, 2.8140489438956138, 2.7253105263180055, 2.8725762840982725, 2.851554024327902, 2.6390241819534745, 2.6909913079925545], "JSD": [0.35760330047186556, 0.3549941657725521, 0.3568431477143995, 0.3498194468661192, 0.3508132106445304, 0.36410121971250603, 0.35030872698849264, 0.3683629368418255, 0.358024268684427, 0.36775378615533105, 0.3483577614714642, 0.3527301610213305, 0.3529747860393731, 0.3673192545480411, 0.35849699351717085, 0.3491325859644324, 0.3519095152329679, 0.35369071932855717, 0.34478832231759043, 0.3444204612608126], "Centrality_distance": [0.45640862025635176, 0.4471023828770637, 0.45928159141614894, 0.4198315278798155, 0.4504798081261973, 0.45570784846091383, 0.4255529555293407, 0.4455259115228316, 0.4485373852865001, 0.4459420041828684, 0.444405867108577, 0.420921988388338, 0.43921474715625375, 0.446091853683055, 0.4374656281148436, 0.4244617344249115, 0.4563105342224094, 0.4367254028702947, 0.4159650391388661, 0.42834199263773964], "Density_distance": [0.37423004283298406, 0.37320174106938814, 0.3902404675934088, 0.3517938107643991, 0.37089787663317075, 0.46045471005029825, 0.3944330805360217, 0.37135254995549116, 0.4185028655984539, 0.44279597989156816, 0.3825154271110154, 0.3666391043596926, 0.3720918106947519, 0.40514853338382756, 0.3735350896380308, 0.3716820937776821, 0.38375964449493866, 0.368202921805863, 0.3559596911802794, 0.3821314932344344], "Degree_distance": [3.643305387835409, 3.600135584336633, 3.4869941868800254, 3.059243132090919, 3.4697815083140817, 3.8881133996343307, 3.229438406223431, 3.374585177375722, 3.4879731288598173, 3.4695284777017186, 3.4567604531041685, 3.171537659761616, 3.3707590350855043, 3.405245631312048, 3.271813311787348, 3.0782231828705138, 3.6464642028558467, 3.4443936464099494, 3.1058278693482464, 3.3697153677423337], "MMD": [103.13446044921875, 89.3783950805664, 76.1855239868164, 98.57569122314453, 95.63023376464844, 73.40788269042969, 77.4306640625, 116.5420150756836, 73.49549865722656, 81.78508758544922, 91.11753845214844, 101.56930541992188, 81.55410766601562, 80.11714935302734, 104.23518371582031, 79.4693832397461, 91.38497924804688, 88.996337890625, 92.55084228515625, 82.40192413330078], "KID": [22.83005142211914, 15.898009300231934, 10.601592063903809, 16.557415008544922, 17.68007469177246, 7.715940475463867, 9.617242813110352, 26.041301727294922, 7.998447418212891, 9.615730285644531, 16.779277801513672, 18.527076721191406, 10.967659950256348, 9.886536598205566, 21.503541946411133, 10.023008346557617, 17.744749069213867, 15.074417114257812, 14.782936096191406, 11.389066696166992], "FID": [126.29586119085205, 113.36349461297796, 96.75455686652347, 117.23325247049394, 117.11716519149373, 95.11320360911745, 97.19687603264744, 135.44864562641357, 91.11839815975532, 100.07103502204089, 114.83228340887358, 120.99171354676317, 100.43158425259851, 97.51032269548075, 125.18492052442501, 97.95160438010357, 115.5638727090479, 109.57088565169974, 111.67488161294172, 103.9763705576257], "Precision": [0.95, 1.0, 1.0, 0.8, 0.95, 1.0, 1.0, 0.85, 0.95, 0.85, 1.0, 0.85, 1.0, 0.85, 0.95, 0.9, 1.0, 0.95, 0.95, 1.0], "Recall": [0.0, 0.0, 0.0, 0.0, 0.0, 0.1, 0.0, 0.0, 0.05, 0.05, 0.0, 0.0, 0.0, 0.05, 0.0, 0.05, 0.0, 0.0, 0.0, 0.0], "Density": [0.27999999999999997, 0.27999999999999997, 0.26, 0.24, 0.27999999999999997, 0.25, 0.25, 0.27, 0.24, 0.22000000000000003, 0.27999999999999997, 0.25, 0.27, 0.22000000000000003, 0.27, 0.22999999999999998, 0.27999999999999997, 0.27, 0.25, 0.26], "Coverage": [0.15, 0.15, 0.15, 0.15, 0.15, 0.15, 0.15, 0.15, 0.15, 0.15, 0.15, 0.15, 0.15, 0.15, 0.15, 0.15, 0.15, 0.15, 0.15, 0.15], "F1_PR": [1.9999789478116256e-05, 1.9999800003999925e-05, 1.9999800003999925e-05, 1.9999750006249844e-05, 1.9999789478116256e-05, 0.1818348759113471, 1.9999800003999925e-05, 1.999976471141856e-05, 0.09501809983800326, 0.09446234550343326, 1.9999800003999925e-05, 1.999976471141856e-05, 1.9999800003999925e-05, 0.09446234550343326, 1.9999789478116256e-05, 0.09475484747689523, 1.9999800003999925e-05, 1.9999789478116256e-05, 1.9999789478116256e-05, 1.9999800003999925e-05]}