{"Frobenius_distance": [2.2439110770462256, 2.356268620074098, 2.3051977270545807, 2.418798461434179, 2.25126041306547, 2.2420433009405385, 2.3967152578197433, 2.3294280835826235, 2.346171913051795, 2.2677053710554294, 2.284421191920633, 2.3507233658232143, 2.292914475543846, 2.3049625134445035, 2.3065845444280555, 2.3751611332401934, 2.5272161995022793, 2.2940945089095783, 2.23464605934137, 2.314145347144247], "JSD": [0.26500224116602317, 0.2701023954372652, 0.2689667196288264, 0.2738963405060987, 0.26430458023658676, 0.26477478498251106, 0.2722921092922154, 0.26957125714184593, 0.2693983693983948, 0.26656943135284356, 0.2671830464681489, 0.2706017214801193, 0.26704382182729275, 0.2673266678063473, 0.26784312389364345, 0.27125805807300146, 0.28017366589942777, 0.2662235029419108, 0.263874802787617, 0.26897552023475196], "Laplacian_spectrum_distance": [5.812374846422798, 5.815199604521276, 5.808307759688277, 5.989844119956076, 5.781064987289382, 5.668851861702213, 6.196951464256665, 5.831352778725158, 5.855096158048635, 5.731089518176011, 5.795815913212617, 5.919688209556373, 5.7278449498681425, 5.841140501839599, 5.883280067075914, 5.960609319364871, 5.907881356082038, 5.855408757774259, 5.608709200237999, 5.9427412046517425], "Centrality_distance": [0.3446224458542293, 0.36466948261139664, 0.35328619698621294, 0.3761244498550705, 0.34563747053371496, 0.34292426410564586, 0.37370961052764967, 0.35418451333219303, 0.36204968549464867, 0.34042340484133865, 0.3469606954883246, 0.36485841573997546, 0.3522566887281794, 0.3550224057364803, 0.35394781378001366, 0.363856429535018, 0.3896386137106707, 0.35644313043058384, 0.33870751341689576, 0.35766090834704584], "Density_distance": [0.19790083049536833, 0.19608999466142324, 0.2010867051646697, 0.20158146060807128, 0.19661657169126825, 0.19870065292801056, 0.2024821522323857, 0.1976186720047598, 0.19924526687131733, 0.19669751903178606, 0.19779201519164172, 0.19801922931824895, 0.2016856411475926, 0.20249273869955473, 0.20176407371201957, 0.20019996209655405, 0.200713286998301, 0.2003777101361135, 0.1953763307533149, 0.20249933393023964], "Degree_distance": [2.7954728584690653, 2.9456115132366842, 2.871608729087093, 3.067108014307838, 2.8140920403224086, 2.7928805356887305, 3.043665753735435, 2.906384061052877, 2.934743102396398, 2.790189507653673, 2.831377743680094, 2.9648249938426963, 2.887365220908289, 2.9114870709672487, 2.8936113637846277, 2.971976416276938, 3.1357202103307937, 2.88958212524538, 2.7520005164394035, 2.9016781254403288]}