{"Frobenius_distance": [0.9424400700407536, 1.0378122689565912, 0.9710411991428964, 0.9533916127744806, 0.9151320145559056, 1.007047623382934, 0.9751219427329596, 0.9617113702622968, 0.9538055486000849, 0.8987637532321309, 0.950824388339443, 0.9588148949823756, 0.9726443925732733, 1.0245052830029453, 0.980185796752215, 1.0186744995162451, 0.985610832523936, 0.9331614924208086, 0.9261365376693453, 0.9168190795797224], "JSD": [0.30851021876522144, 0.31336106932687247, 0.3103542257226578, 0.30244499179680995, 0.29090266819901867, 0.30442213119235767, 0.3046860938871333, 0.30842601742515435, 0.2961020872418917, 0.2910284784034363, 0.2994720174576635, 0.3068568972157215, 0.29958207667469017, 0.3016727624202499, 0.3049906593100178, 0.30133849698061765, 0.3081753602373442, 0.30300681684808234, 0.2944895064015054, 0.29746573215556016], "Laplacian_spectrum_distance": [47.47927179537188, 43.13355044777101, 47.74962631035417, 36.89328358054107, 32.18134762847394, 41.39015591375903, 38.5197891340512, 48.453357722817955, 32.737814979840145, 30.413427298627777, 34.31595787907547, 39.40462837093912, 39.07853504426276, 44.978632396547596, 46.0372482116579, 42.09334095636189, 43.725332669478306, 37.217670716128964, 38.02045293261526, 41.007082476602825], "Centrality_distance": [0.4695066824226387, 0.46809346934982926, 0.46741975734010166, 0.44891792482968973, 0.433607213325411, 0.4543879503222233, 0.45059583419927707, 0.46504888494487795, 0.44121126703675473, 0.4200646556624135, 0.4438240271741204, 0.45622901799418414, 0.4471783533092536, 0.4557492440244662, 0.4633671312977723, 0.4560822050554457, 0.4618306491843849, 0.4612537778030461, 0.4464828732524069, 0.44721392038556773], "Density_distance": [0.4026979285477514, 0.4022898705268758, 0.399029011233214, 0.3800346719009423, 0.3740657538206875, 0.39562682883075806, 0.3865835839622186, 0.4060166619991342, 0.3701266274876506, 0.36772195909221017, 0.3641063697250247, 0.394352889050422, 0.38274231041207873, 0.3914634990835236, 0.40051780673339354, 0.39314423809164434, 0.4028665773102658, 0.38429987958063505, 0.37243196140372725, 0.3673737052226653], "Degree_distance": [6.055923599467212, 5.812628402384462, 6.052532052401412, 5.034870380205536, 4.646246462241515, 5.632700661126784, 5.458697034422459, 6.10171352329259, 4.85868906906308, 4.35843988975826, 4.950917096896253, 5.348158318775736, 5.292978795620412, 5.914106766585412, 5.88979558742306, 5.612682293828334, 5.820987506543172, 5.263900640946489, 5.15405216947706, 5.557400260364873]}