{"Frobenius_distance": [0.6089038559331577, 0.6235064655495997, 0.6293570828964656, 0.5660508688795504, 0.6657049002767611, 0.6548899578001875, 0.60085417018143, 0.665246456622187, 0.635252045375552, 0.5562098072653353, 0.5495757699124063, 0.5795904892202556, 0.6586410329344115, 0.5250903656502731, 0.6434252302018869, 0.5469688784990807, 0.5928689425732909, 0.5722969600095431, 0.6248000006864199, 0.6410898171052211], "JSD": [0.04019061829529557, 0.04485712024631657, 0.04824643239513425, 0.03987129856651163, 0.047775012099813385, 0.04773198573056167, 0.04227146596351851, 0.050742732401655506, 0.044297387360728795, 0.03768914002163404, 0.04154303985483506, 0.03838095061835789, 0.04614719023845146, 0.04050155771351885, 0.04261720984190971, 0.034304475179304406, 0.04713285958728907, 0.038076507851801444, 0.05222585621886152, 0.04863370046218979], "Laplacian_spectrum_distance": [3.055086622643327, 4.611072785813095, 3.0737134521707556, 2.955762727231331, 3.3154709535627314, 3.2340521310090544, 3.148290701830999, 2.9407214631653664, 4.33739695469087, 3.2087528577171054, 2.956711357355557, 3.0686422830621423, 3.0781928053986416, 3.110119615860359, 3.0106711530759007, 3.2687767152297944, 3.0481583667045475, 3.1515995265932957, 3.164714583357632, 4.362697525144144], "Centrality_distance": [0.16262391353605296, 0.14660770670164852, 0.18531285496980662, 0.16022994979764366, 0.1909304097854589, 0.18364415776919593, 0.18340633235026832, 0.1900417037396177, 0.18079540840424127, 0.16578017489535024, 0.15894901861435232, 0.17439367963366392, 0.16888205571132395, 0.15544030595840064, 0.17545378438009168, 0.18396565647608532, 0.17747563516564221, 0.1614769805230044, 0.1764132451619476, 0.17169104147573694], "Density_distance": [0.07220150729721225, 0.07664880357320551, 0.06280730180356697, 0.06008118329780328, 0.0817311687689839, 0.06766213767731041, 0.06424356373819493, 0.06887545577671628, 0.07961452701026309, 0.07227048438299605, 0.059842582245710166, 0.06031172626177295, 0.07145751722082254, 0.05771481643680523, 0.07660351950501343, 0.07704495646138969, 0.05512480063250372, 0.06897976630002774, 0.06766787061021422, 0.06764009958065358], "Degree_distance": [0.6267309075659492, 0.8373915632915591, 0.6988944908510947, 0.735816303492501, 0.8509402293246932, 0.7556473984688348, 0.6121992867733153, 0.6732801940798725, 0.8429043085215249, 0.7476397101928155, 0.7510047414891783, 0.6230426123495297, 0.6077503175386604, 0.5933671830549828, 0.7094635747768139, 0.7712404900464798, 0.5954600704721937, 0.7499087010933949, 0.6532335237745498, 0.7804632326275659]}