{"Frobenius_distance": [1.6551739215850831, 2.0943523645401, 1.846998457113902, 1.6861495216687519, 1.484694524606069, 1.635625131924947, 2.3542809208234154, 1.6909661690394082, 2.052053439617157, 1.3465618799130121, 2.3616335789362592, 2.182108747959137, 2.0721118172009785, 1.9175824383894602, 1.5310962359110514, 2.0575690388679506, 1.5941433409849806, 1.3791051069895428, 2.078889481226603, 1.5427323818206786], "JSD": [0.3878029086627066, 0.3840282925094167, 0.3865555017876128, 0.392536940270414, 0.37480739272820446, 0.36928197119850664, 0.3918557560847451, 0.38026864006339267, 0.38175566668699806, 0.3681517806369811, 0.3975206210898856, 0.38510449500754473, 0.38725544461049144, 0.377480074026001, 0.3834798174444586, 0.3908394594676793, 0.38707737882311144, 0.37826225847626727, 0.3900781950292488, 0.38461847025901075], "Laplacian_spectrum_distance": [94.24102194444143, 92.2747236482592, 85.80860270464466, 102.379978714493, 81.94181952870024, 75.186228513053, 87.42501654538259, 85.2777432793163, 86.84923388789854, 70.04132148350482, 106.58346493730708, 105.01991657584512, 101.69707691888833, 94.05978865620096, 78.43750000942505, 106.41489650218367, 84.43682838097328, 76.48860359207869, 102.66789909045649, 74.31338814011221], "Centrality_distance": [0.4941694540450645, 0.464155165187522, 0.44937534513012245, 0.4906096193872183, 0.4148053535840035, 0.4628910742697334, 0.43226536991960285, 0.44036106868678276, 0.4581420656934746, 0.4227867049032836, 0.49179713104976164, 0.48928722542101943, 0.49021001861411645, 0.42653232696710186, 0.4924922487039646, 0.496267002776252, 0.4756862851910094, 0.4502250553157069, 0.4899782962500504, 0.4748927979805442], "Density_distance": [0.38129843512521094, 0.4014778487549091, 0.3642617700439923, 0.3890708562171953, 0.3730155698028733, 0.3745442109216015, 0.3846888774136422, 0.36500151911240797, 0.39036564110567906, 0.33806191988187984, 0.3979200068502725, 0.40447701895756927, 0.39397664593034826, 0.3899542951177597, 0.35062074819652156, 0.4036274228552619, 0.3799931327191056, 0.3449239901022928, 0.4116446799513565, 0.3490486005103588], "Degree_distance": [8.536265656714011, 10.52355969362931, 8.808438927738573, 8.69897604771533, 8.52927785755437, 7.21596813287766, 11.72788561614372, 8.753468438344651, 9.501593382645463, 6.141561289119867, 11.940127183709109, 12.08604227947833, 11.999801056652263, 9.741345565576257, 7.291914619944887, 9.561270247025092, 7.759770281125112, 5.994556505595666, 10.191628864408129, 7.222381506771653]}