{"Frobenius_distance": [2.4785878247985123, 2.6305565070702865, 2.625227086909657, 2.733243759553144, 2.8254791841051734, 2.847854887625393, 2.688838407007764, 2.679609632269222, 2.5345639294860427, 2.6874439238312036, 2.6857734972815366, 2.7445989452350963, 2.687366127919904, 2.7022966305327527, 2.7319987958056346, 2.56906831781198, 2.5231089145469925, 2.611255435025911, 2.5132814062517106, 2.5957307035974133], "JSD": [0.30534046300992923, 0.31610093842670134, 0.31297849068369343, 0.3179032452030161, 0.3275516888266075, 0.34070452491276493, 0.3168694440143, 0.31005547059972, 0.3025743017923048, 0.32876264399972965, 0.3348770493614995, 0.32086014866906615, 0.3202480453277424, 0.3230176298881365, 0.31065803249245116, 0.3094244063980947, 0.30471984628488485, 0.31948688836105443, 0.3193881230422245, 0.30949069883196334], "Laplacian_spectrum_distance": [6.508073339686612, 3.3428063947036515, 4.743717007075439, 4.272009386986402, 4.871152587445318, 3.6036604601654707, 7.205111423807275, 4.890093152951852, 3.280191490074894, 6.638619437516438, 4.870719347041018, 6.829199117046204, 4.784697795606077, 4.399996894621735, 8.542675475770341, 3.1202631064085273, 4.6965096135970255, 7.624698989454812, 5.844939809970968, 3.9102923165199766], "Centrality_distance": [0.4127612676426244, 0.4153473047053591, 0.4165147238060181, 0.438759789934296, 0.4254201670656492, 0.4415115191680787, 0.4376646249163547, 0.4305815012592359, 0.4148269464089043, 0.39128354049548725, 0.43561683126998474, 0.4231879192189396, 0.4194735070154128, 0.45054458429349065, 0.4476743348824491, 0.41157985393669083, 0.42571549749772863, 0.3880427946811405, 0.3889013239226565, 0.4122122281806701], "Density_distance": [0.08464624019771079, 0.1335259566141919, 0.11415550544227014, 0.1275508342420107, 0.13170940987117458, 0.13119051427874956, 0.12099220632308867, 0.18436091958150783, 0.1328190396205102, 0.10976959043135515, 0.10717162603192015, 0.09305100672747732, 0.1757807592734063, 0.11836029847059258, 0.0972883162589045, 0.1292625375713611, 0.09365540369216839, 0.09978053672906616, 0.08937838305485364, 0.16055981464069696], "Degree_distance": [3.138815952078997, 2.99640399994303, 3.1089205532791073, 3.511683861295218, 3.374767249381857, 3.3977352355627026, 3.4933728894533393, 3.436508690456778, 3.071675423031097, 3.303393402885596, 3.2863499650058445, 3.345864195588594, 3.2332319849178375, 3.441026133424452, 3.8428100051537317, 2.9597963395431757, 3.093274046345317, 3.1079191702749567, 2.8499459331505075, 3.0111661314363194]}