{"Frobenius_distance": [0.9938949823379516, 0.9173702239990233, 0.9459771692752839, 1.2263052781422932, 1.0793320178985597, 0.9911311745643616, 1.3424947917461396, 1.42892830769221, 1.0435627679030102, 1.0939844588438672, 1.5058564444382987, 1.1891633490721385, 0.9630735655625662, 0.9547287404537201, 1.0645029405752817, 0.7470600565274557, 0.9934371987978619, 0.9393231550852457, 1.0490400234858195, 1.1463145832220714], "JSD": [0.12385933920741081, 0.17567119374871254, 0.11773019855221113, 0.13826694910724957, 0.1531868183364471, 0.0932016825924317, 0.119227368136247, 0.1650168546785911, 0.12909814765055974, 0.1709786042571068, 0.15242391464610897, 0.1860262293368578, 0.10863577127456664, 0.15904243886470792, 0.14943044558167456, 0.10315275105337302, 0.12407554984092711, 0.13264087438583372, 0.14451949745416642, 0.15646375454962252], "Laplacian_spectrum_distance": [6.011591844611244, 18.99943195867923, 4.639222824502335, 2.0936791205025993, 2.5876174967397465, 2.393815918934915, 3.1487681899404394, 14.523359782999353, 1.612717221316469, 4.601452421895316, 3.0255040504697424, 2.833166639783965, 4.63890841234911, 8.297801273501888, 12.194242721826077, 12.308943647338593, 11.904533275856958, 13.84743325482922, 3.7308675456094567, 12.42963273711102], "Centrality_distance": [0.16725791380401997, 0.274793017023677, 0.1609433192428263, 0.20475041365668833, 0.20863000580551921, 0.2021566392466573, 0.1714873162677324, 0.1809713044858737, 0.22603963889651174, 0.2510083745306668, 0.20118181185948486, 0.2548468365012034, 0.17533666980062787, 0.2594346019431111, 0.2023059928620065, 0.17403204181184248, 0.18313277506752457, 0.2141790373007157, 0.2339044967927141, 0.1695246883809375], "Density_distance": [0.12598795840668905, 0.17484872522585998, 0.1383250096853038, 0.14862935811465222, 0.083343652534829, 0.10734498616851558, 0.1009855313531784, 0.1800497511465753, 0.1266828215357627, 0.13282502083972672, 0.10717029702323821, 0.07331787085463556, 0.12092853633294809, 0.13534295870133464, 0.13526498683163768, 0.14865196191007551, 0.1408059519895383, 0.1952034425445241, 0.08637733861998567, 0.12450002032544727], "Degree_distance": [2.1540512887325187, 2.2811496244610767, 1.5337713588198763, 1.636488883855502, 1.8303482244740183, 1.0778392228078404, 1.8564802225272325, 2.08018233529358, 1.6829388849294693, 2.07765531519356, 1.8117321078009372, 1.7532995598782852, 1.6977577939257895, 1.7665882381732194, 2.1547286651627746, 2.254985883738585, 2.828208101276012, 2.424205118519785, 1.9227281447107392, 2.3583806380039833]}