{"Frobenius_distance": [1.113473830620448, 0.9034357289473216, 0.9786937355995178, 1.045582022269567, 0.8821744700272878, 1.159424223502477, 0.844365946451823, 0.9716425836086275, 0.7459641416867574, 0.8230364441871643, 1.021939210096995, 1.0041441063086192, 0.8568779230117798, 0.9273646612962086, 1.0825913925965627, 0.7217576861381532, 0.9392156203587849, 0.9379324793815613, 0.8780450085798899, 0.9379948417345684], "JSD": [0.15767739166816078, 0.14681647519270577, 0.1451187988432745, 0.1321835099409024, 0.1628338061273098, 0.14331252525250118, 0.14443971291184424, 0.16484659152726333, 0.19059235292176407, 0.1428485124061505, 0.17114868480712175, 0.15894479863345623, 0.16190643509229025, 0.1594921433677276, 0.11072346692283949, 0.11672135945409537, 0.13206739959617456, 0.17382130672534307, 0.21314569662014643, 0.16517478587726753], "Centrality_distance": [0.22768310717630486, 0.19740265090577297, 0.25544273751943636, 0.16024712063605098, 0.2469630425146627, 0.2233150932366502, 0.23304291550673253, 0.23126010901301625, 0.26370127255406967, 0.23468266246101158, 0.21816055646474125, 0.18991456669757545, 0.26433619490463384, 0.1943873669516572, 0.18772861941983604, 0.23548930401918391, 0.19511526355648687, 0.25054440904883674, 0.3154487324955525, 0.2220025034722416], "Density_distance": [0.11243001415795531, 0.1302294018968592, 0.1901031452602847, 0.13268908379202496, 0.16147536216882058, 0.122478533472779, 0.16617937778869601, 0.22131205110688035, 0.20844261176814186, 0.17810552446942166, 0.1735116459620334, 0.1292780405632068, 0.16428226220683526, 0.12837537467228138, 0.1101768275297687, 0.17336639856208166, 0.06584217525393996, 0.13341212830817295, 0.18814387765407686, 0.08001842656254421], "Degree_distance": [1.7991823400538054, 2.971406868037487, 2.638352558807497, 2.074262027607415, 2.264230505479351, 2.0174388416918183, 1.738776508045246, 2.1372405320231205, 3.2244583099001534, 2.368106685461183, 3.128485670811676, 1.6400706455075105, 2.919017302654556, 1.9598848005791107, 1.7617481507212198, 2.897443255305727, 1.8429852136812601, 2.2449378551361487, 3.0300577118317618, 1.86531272805286], "MMD": [10207.1865234375, 17106784.0, 54739724.0, 5721313.0, 8158336.0, 321295.5625, 2543707.5, 11137941.0, 62158940.0, 12059854.0, 61434316.0, 674417.125, 48227672.0, 8862318.0, 1064.8529052734375, 63052536.0, 124.3362808227539, 6199991.0, 85650192.0, 2667.478271484375], "KID": [1022739200.0, -17696290816.0, 9.055940869083093e+20, 11848390803456.0, 94807200366592.0, 363825004544.0, 1.9181038328610816e+16, 4.838940228481712e+18, 1.5627492114350505e+21, 2.683339435889656e+18, 2.831331457984585e+21, 1215157895168.0, 1.4589436325614626e+21, 6.838360170351821e+16, 724037.375, 3.7866552771407375e+21, 183.0883026123047, 23699627442176.0, 2.773464706372501e+21, 4948006.0], "FID": [89444.37672726854, 353337722.64360523, 460286929.592094, 118312001.2839569, 165283981.943981, 5995849.012530314, 39725873.63207505, 138020245.82196298, 514669156.850067, 187485197.7620365, 604776341.2998242, 12957396.4519284, 509782820.13361484, 164809969.37248734, 12259.011415034107, 658488184.1207502, 268.8051808915394, 126017054.08256823, 633248168.6878216, 7837.426242874207], "Precision": [0.6, 0.5, 0.55, 0.65, 0.55, 0.65, 0.6, 0.4, 0.35, 0.6, 0.65, 0.55, 0.45, 0.45, 0.6, 0.7, 0.7, 0.5, 0.55, 0.3], "Recall": [1.0, 1.0, 0.95, 1.0, 0.95, 0.85, 0.95, 1.0, 1.0, 0.85, 0.7, 0.85, 0.95, 0.5, 1.0, 0.95, 0.15, 0.7, 1.0, 0.9], "Density": [0.35000000000000003, 0.22000000000000003, 0.31000000000000005, 0.17, 0.21000000000000002, 0.35000000000000003, 0.25, 0.2, 0.16000000000000003, 0.30000000000000004, 0.2, 0.21000000000000002, 0.24, 0.13999999999999999, 0.27999999999999997, 0.27999999999999997, 0.26, 0.11000000000000001, 0.17, 0.21000000000000002], "Coverage": [0.95, 0.5, 0.45, 0.4, 0.45, 0.75, 0.6, 0.5, 0.55, 0.7, 0.2, 0.4, 0.7, 0.2, 0.65, 0.65, 0.2, 0.15, 0.25, 0.7], "F1_PR": [0.7500106249921876, 0.6666777777629631, 0.6966773777682964, 0.7878892378274203, 0.6966773777682964, 0.736676844442074, 0.7354943808466987, 0.5714404081370267, 0.5185308367283448, 0.7034585731231293, 0.6740840877912918, 0.6678676020342567, 0.6107255612062685, 0.4736942382265636, 0.7500106249921876, 0.8060708356262347, 0.247073010282111, 0.5833436111064815, 0.7096882622159714, 0.45001249995833403]}