{"Frobenius_distance": [2.97249954308435, 2.688541851105401, 2.506753115359426, 2.440240322400867, 2.430818236135625, 2.818848567118888, 2.593139790978933, 2.5429133931233388, 2.530609975620746, 2.530645677393295, 2.515508982692764, 2.5809951323123337, 2.6549169780816264, 2.4097521442212706, 2.477430134617535, 2.5091865377448586, 2.3313125701558115, 2.5038439680703353, 2.472191535404515, 2.6154938599288773], "JSD": [0.3546843636322006, 0.325413222716755, 0.290855430395087, 0.289950483967772, 0.2908006419565775, 0.33077894417735265, 0.3109271062869677, 0.2991057016223299, 0.30575978751306965, 0.30456430346346236, 0.3075096368268676, 0.30578866099269053, 0.31536830196931886, 0.28564072881054103, 0.29413462254420597, 0.2853563163986882, 0.2842834081641281, 0.31335533914628205, 0.29159674318105433, 0.3087705930961169], "Centrality_distance": [0.4424103215444974, 0.45043923384844986, 0.39196163550162966, 0.37040419789110207, 0.374400526564159, 0.45361420125290147, 0.4402313687668224, 0.3986118139536007, 0.39239499606648637, 0.39883399827626537, 0.4085780063917232, 0.37496764139460387, 0.4211621564129743, 0.37719417793051463, 0.38613888419715175, 0.3883103914786884, 0.3798022247479932, 0.3918691620174521, 0.36740979863917156, 0.38761290260426906], "Density_distance": [0.17595578169107579, 0.18838008124772834, 0.16496353319882734, 0.20733322505381327, 0.19229999303528716, 0.20068277855042563, 0.15101690248749072, 0.2014753560709443, 0.1887794857647799, 0.20958490855549683, 0.18899526671585495, 0.135566875934523, 0.18757856794621502, 0.20916472688531515, 0.15901353548412372, 0.19256483168247876, 0.15154757551816378, 0.16406861928920752, 0.1976340231119643, 0.14255025339584165], "Degree_distance": [3.233590587589556, 3.1848908566199734, 3.033385670112616, 2.8786771417715475, 2.7552884542001164, 3.39146380715032, 3.043841941102906, 3.0046017121136828, 2.983168030757158, 2.984822720158884, 2.95793339196129, 3.5315316353630335, 3.3029305480341633, 2.8126870971951394, 2.9236755745097947, 3.237279723410984, 2.845849627959537, 2.7953929878149864, 2.8214247307256946, 3.2172482416161983], "MMD": [2421.924560546875, 1934.7103271484375, 1658.4327392578125, 721.9649047851562, 1071.3529052734375, 2193.6806640625, 1500.0274658203125, 1204.401611328125, 1082.447265625, 777.76220703125, 1229.4080810546875, 3084.951416015625, 2263.514892578125, 1182.993896484375, 1216.755126953125, 1434.207763671875, 1685.749755859375, 1112.176513671875, 788.8303833007812, 2401.835205078125], "KID": [731087.75, 612868.0, 510608.03125, 142288.84375, 187023.90625, 753663.875, 382453.0, 312452.03125, 290650.0, 205775.453125, 303896.4375, 1104975.5, 808150.5, 293777.78125, 327913.59375, 472621.75, 389507.96875, 196967.203125, 139735.0625, 531524.3125], "FID": [4781.763351517149, 4343.209375903233, 3987.141942685226, 2322.645810516993, 2766.0515787590816, 4728.882335396678, 3612.584456586794, 3202.226742784578, 3030.0492787272233, 2609.1427725361527, 3230.242496954455, 5643.366905754305, 4858.428057410271, 3186.505401097331, 3304.054540370077, 3747.266856177639, 3710.6013824994784, 2791.2170537790635, 2379.4221174338318, 4395.769353508784], "Precision": [0.45, 0.25, 0.45, 0.45, 0.4, 0.15, 0.35, 0.5, 0.5, 0.55, 0.55, 0.35, 0.3, 0.4, 0.55, 0.35, 0.4, 0.35, 0.6, 0.3], "Recall": [0.0, 0.2, 0.0, 0.1, 0.05, 0.0, 0.05, 0.1, 0.1, 0.15, 0.05, 0.1, 0.0, 0.0, 0.0, 0.1, 0.1, 0.8, 0.0, 0.25], "Density": [0.19, 0.06, 0.17, 0.15000000000000002, 0.13999999999999999, 0.05, 0.13, 0.2, 0.18000000000000002, 0.2, 0.17, 0.11000000000000001, 0.09000000000000001, 0.16000000000000003, 0.2, 0.1, 0.11000000000000001, 0.11000000000000001, 0.21000000000000002, 0.06999999999999999], "Coverage": [0.15, 0.15, 0.15, 0.15, 0.2, 0.1, 0.15, 0.15, 0.2, 0.15, 0.2, 0.15, 0.15, 0.1, 0.15, 0.2, 0.15, 0.15, 0.15, 0.15], "F1_PR": [1.9999555575307767e-05, 0.22223234567352565, 1.9999555575307767e-05, 0.16365041307588815, 0.08890493800275545, 1.9998666844420748e-05, 0.08751562471876408, 0.1666811109629679, 0.1666811109629679, 0.23572755092711636, 0.09168361087963735, 0.1555686418381405, 1.9999333377774818e-05, 1.999950002499875e-05, 1.999963637685903e-05, 0.1555686418381405, 0.16001359985600577, 0.4869680529034278, 1.9999666677777412e-05, 0.2727373553688957]}