{"Frobenius_distance": [1.707541714111964, 2.043650370836258, 2.0950966954231265, 1.6448273499806723, 1.8963001112143199, 1.879742787281672, 1.8371804157892861, 2.434587663412094, 1.8598551034927369, 1.549751180410385, 1.6719108899434407, 1.8838269352912904, 1.8182000458240508, 1.3328641990820569, 2.335806000232697, 1.9618824263413748, 1.5652282516161602, 1.8723852078119914, 2.332766785224279, 1.6758068362871805], "JSD": [0.37745936495872834, 0.39992446236622825, 0.39322783543417855, 0.3754371169411267, 0.39208365175873033, 0.3941709546527515, 0.39373864719333745, 0.3976118406746536, 0.38423909321427346, 0.3818299421807751, 0.3763794209808111, 0.3853983767524672, 0.3799222125827024, 0.37822060892358417, 0.391264999556976, 0.3950544730604937, 0.37791053039642675, 0.38284851099985334, 0.40690687778405843, 0.38623250103555623], "Centrality_distance": [0.4789497088277169, 0.5219525682560862, 0.502910249868173, 0.48461242300221785, 0.47301197350970214, 0.4698268502892878, 0.47895234597849934, 0.47944315675010846, 0.45753931914471185, 0.49751269441335005, 0.4756125521999206, 0.48786661177632795, 0.47005408230048273, 0.493301100841134, 0.4811362995334778, 0.5026218855057767, 0.45426932599851433, 0.4605501538799073, 0.5135479659277622, 0.45457327304899486], "Density_distance": [0.3893899516657138, 0.394742148292591, 0.3996031766887154, 0.4037363670187555, 0.3928585172461134, 0.3724262913923812, 0.377581512516013, 0.39637333306502065, 0.35426360066421736, 0.3708683811887987, 0.3458840386668883, 0.3757931492787666, 0.3757521172460794, 0.36138991864770126, 0.37534207989422463, 0.413962827863127, 0.3470497730698374, 0.3531459491087019, 0.3999615139701148, 0.3582736362910982], "Degree_distance": [7.906087507475656, 9.252245431671426, 10.648152849296196, 8.567953215327238, 8.188976657495306, 8.687423701037082, 8.70723054232287, 12.476320945560014, 9.249938052918047, 7.989189175479039, 6.917042414775969, 7.9845094732348505, 9.267630604891739, 6.541106047347684, 10.966330831667609, 9.872214167587774, 6.039029322659211, 6.560152342765939, 10.951046999597931, 6.501602432365457], "MMD": [1968427648.0, 2261333504.0, 2278716672.0, 2252539136.0, 1986672896.0, 1864416640.0, 1665644928.0, 3079352064.0, 2049664768.0, 1334672000.0, 789602560.0, 1190442624.0, 1966990336.0, 950944704.0, 2194552576.0, 2535326464.0, 1033515392.0, 959800064.0, 2658851584.0, 987312192.0], "KID": [1.522663971566218e+23, 1.607619874936935e+23, 2.463044937230748e+23, 1.677220845450125e+23, 1.3674825384859874e+23, 1.6674552400181348e+23, 1.3959318674040794e+23, 3.2224044364490614e+23, 2.4678275798910305e+23, 1.0108792333674772e+23, 6.924052041341365e+22, 9.719738971945191e+22, 1.5692416400643645e+23, 5.934803056552193e+22, 2.1771967851379303e+23, 2.3156478860344348e+23, 6.1088406109122615e+22, 7.143910119030226e+22, 2.4567155783144416e+23, 7.712898048471954e+22], "FID": [3212161540.389203, 3296260246.1030536, 3801256096.058358, 3350840919.222894, 3113559783.6102567, 3278084707.722116, 3040126202.246244, 4295409431.723701, 3735001117.3829064, 2641543068.314626, 2151354485.608273, 2536332522.104251, 3239641912.31681, 2124207484.0029294, 3619575532.640375, 3768146549.714367, 2174624083.8408947, 2233361259.3269815, 3871740053.548652, 2317486118.328069], "Precision": [0.15, 0.05, 0.05, 0.05, 0.1, 0.1, 0.2, 0.05, 0.15, 0.2, 0.15, 0.1, 0.1, 0.15, 0.05, 0.05, 0.15, 0.05, 0.05, 0.15], "Recall": [1.0, 1.0, 1.0, 1.0, 1.0, 1.0, 1.0, 1.0, 1.0, 1.0, 1.0, 1.0, 1.0, 1.0, 1.0, 1.0, 1.0, 1.0, 1.0, 1.0], "Density": [0.04000000000000001, 0.010000000000000002, 0.020000000000000004, 0.010000000000000002, 0.03, 0.020000000000000004, 0.06, 0.020000000000000004, 0.05, 0.06999999999999999, 0.04000000000000001, 0.03, 0.03, 0.04000000000000001, 0.010000000000000002, 0.010000000000000002, 0.05, 0.020000000000000004, 0.010000000000000002, 0.05], "Coverage": [0.1, 0.05, 0.1, 0.05, 0.1, 0.05, 0.1, 0.1, 0.1, 0.1, 0.1, 0.1, 0.1, 0.1, 0.05, 0.05, 0.1, 0.1, 0.05, 0.1], "F1_PR": [0.2608850282603781, 0.09525628102321862, 0.09525628102321862, 0.09525628102321862, 0.1818348759113471, 0.1818348759113471, 0.333347777703705, 0.09525628102321862, 0.2608850282603781, 0.333347777703705, 0.2608850282603781, 0.1818348759113471, 0.1818348759113471, 0.2608850282603781, 0.09525628102321862, 0.09525628102321862, 0.2608850282603781, 0.09525628102321862, 0.09525628102321862, 0.2608850282603781]}