{"Frobenius_distance": [2.7247958415345637, 2.7714152424055776, 2.788268288417116, 2.7866981754074733, 2.935941779077859, 2.829043937728478, 2.873637638427477, 2.8567427728770416, 2.8802769869196667, 2.819346099802952, 2.915589909625504, 2.8641276800897075, 2.9187494251072557, 2.8817593202448273, 2.8000501842996965, 2.8163397713922778, 2.826862258135131, 2.8457710571366515, 2.8636613043605896, 2.912644712405068], "JSD": [0.28832575644791497, 0.2889249424918587, 0.29047290233360984, 0.29211565771641046, 0.30005530341777426, 0.29355899707126704, 0.29612947466256384, 0.2954367524718344, 0.2957804708251073, 0.2940191263340696, 0.2981077622200503, 0.2951652529371417, 0.29758268157384526, 0.2962326240513865, 0.2926292296035803, 0.29278484780125175, 0.2935747918523985, 0.29421684654930536, 0.29536138368571835, 0.29773014618691807], "Centrality_distance": [0.4800770446876238, 0.49218605036473584, 0.48900939025371554, 0.49049223382752627, 0.5083071909700515, 0.4978127060831029, 0.5002287648218275, 0.5042719282834469, 0.5045894125039869, 0.4990327844582465, 0.5064603945247254, 0.49442986077525986, 0.5085633925641277, 0.5019280804632117, 0.49167587320361783, 0.49182895471944454, 0.49892533822353247, 0.4999077488928011, 0.5002883335063179, 0.5097427479094452], "Density_distance": [0.21977735650938268, 0.2188567424725221, 0.22047911981852225, 0.21933798042224745, 0.22485373666862932, 0.215568627001867, 0.21996927615041525, 0.22167872536219876, 0.2202280951662371, 0.2215540767373167, 0.22085802671236843, 0.2216341239077, 0.2182397571823342, 0.21816083672526249, 0.2184675110223663, 0.217479087033242, 0.21654642552868505, 0.2219280102613436, 0.22135390407565947, 0.21899987604469398], "Degree_distance": [3.4440639080023274, 3.5285910967985936, 3.5286533659042787, 3.51258368629094, 3.7260931514879285, 3.537934681241005, 3.626836653499053, 3.5865868302305124, 3.657021581156414, 3.5453095500419973, 3.6940437562733033, 3.6664802119866207, 3.6793647644961114, 3.6111608344982637, 3.4975362649743857, 3.54960239145939, 3.5387370049002533, 3.6464512862127076, 3.6029083493417318, 3.6596172532980953], "MMD": [56310.96875, 59849.65234375, 61062.1171875, 55420.38671875, 58506.703125, 55444.09375, 58082.5859375, 57354.84375, 57799.28515625, 58136.5546875, 57702.31640625, 58386.91796875, 56882.53125, 57920.8515625, 58203.2265625, 58752.828125, 57442.875, 57678.3984375, 58552.3046875, 57762.65234375], "KID": [598011712.0, 822643904.0, 827619840.0, 517100032.0, 720830656.0, 517841088.0, 629569920.0, 634765632.0, 664636928.0, 638386112.0, 610564864.0, 649681536.0, 596425920.0, 665557440.0, 676263552.0, 743121408.0, 650796096.0, 659262848.0, 685475072.0, 662899648.0], "FID": [57343.87175748002, 62053.18623173655, 62844.11272719651, 55738.294995501354, 60088.008933373516, 55763.51653214651, 58793.48870596154, 58431.16954454304, 59040.43973934542, 58971.33074546537, 58348.525024787225, 59244.980449160634, 57651.953481692275, 59115.60297571279, 59423.8753815474, 60535.09430198934, 58648.68568939384, 58893.462017757534, 59764.71556568528, 58962.79175468812], "Precision": [0.0, 0.0, 0.0, 0.0, 0.0, 0.0, 0.0, 0.0, 0.0, 0.0, 0.0, 0.0, 0.0, 0.0, 0.0, 0.0, 0.0, 0.0, 0.0, 0.0], "Recall": [0.0, 0.0, 0.0, 0.0, 0.0, 0.0, 0.0, 0.0, 0.0, 0.0, 0.0, 0.0, 0.0, 0.0, 0.0, 0.0, 0.0, 0.0, 0.0, 0.0], "Density": [0.0, 0.0, 0.0, 0.0, 0.0, 0.0, 0.0, 0.0, 0.0, 0.0, 0.0, 0.0, 0.0, 0.0, 0.0, 0.0, 0.0, 0.0, 0.0, 0.0], "Coverage": [0.0, 0.0, 0.0, 0.0, 0.0, 0.0, 0.0, 0.0, 0.0, 0.0, 0.0, 0.0, 0.0, 0.0, 0.0, 0.0, 0.0, 0.0, 0.0, 0.0], "F1_PR": [1e-05, 1e-05, 1e-05, 1e-05, 1e-05, 1e-05, 1e-05, 1e-05, 1e-05, 1e-05, 1e-05, 1e-05, 1e-05, 1e-05, 1e-05, 1e-05, 1e-05, 1e-05, 1e-05, 1e-05]}