{"Frobenius_distance": [0.4352358315319723, 0.45771022481113965, 0.4211849161297074, 0.4549193860213407, 0.5121348942621007, 0.3719849792774912, 0.4355657745327788, 0.40010836044279474, 0.41810325895779016, 0.443388237509444, 0.47558814457484655, 0.40902986821822573, 0.4203960958352313, 0.47945885170741576, 0.4406328666481021, 0.4582669747198552, 0.3982070669072683, 0.4594095435203365, 0.47682280168702507, 0.42363879351166234], "JSD": [0.02703388646138334, 0.027838323460796188, 0.025902289769200938, 0.031027411791002345, 0.0343680035488705, 0.020707792935065677, 0.030585636669950178, 0.023081759915771494, 0.029657236349163413, 0.022978628764651923, 0.027126329801478125, 0.02853959977088819, 0.02741736012003409, 0.03438394106634673, 0.0272713134180635, 0.028885475256956516, 0.021148069010200513, 0.029475123539840622, 0.030613638120687455, 0.025376354296130256], "Centrality_distance": [0.14599444557915608, 0.16179305279598938, 0.18043802169392098, 0.1854213201208181, 0.18848308768685001, 0.1504678698691393, 0.15847853747236948, 0.1769422350643687, 0.16237857003793751, 0.16577680159725167, 0.1704987082936677, 0.17384344857874764, 0.14189870581003627, 0.15938585112359638, 0.176626844359892, 0.1644670841761996, 0.18157201094933142, 0.15523684100644192, 0.18225285728552493, 0.18696190814777525], "Density_distance": [0.04646823863793985, 0.046270207685940645, 0.04676193973229453, 0.05640013844612351, 0.053074138012279934, 0.05035705342311318, 0.037499569239765315, 0.045351281192784455, 0.05153407978921517, 0.0504337103485096, 0.04927638209734381, 0.045039761523188226, 0.045892505538864085, 0.05788192195638507, 0.042892926358145775, 0.05936734553097765, 0.06911876124877991, 0.06330316677305473, 0.05290553858597743, 0.04829301793237367], "Degree_distance": [0.5009274600856309, 0.3750483766120445, 0.4055727326025304, 0.4829751483769275, 0.3957997168769307, 0.36678146697712666, 0.4086999181858221, 0.4148323982693792, 0.4811636448638923, 0.4109989671700734, 0.4760412490797012, 0.49801337253989286, 0.4624434832225527, 0.3731956861653842, 0.5067382383503035, 0.48732275200598707, 0.4789912250386641, 0.40471287642853626, 0.41204645037076204, 0.41854610004713244], "MMD": [65.79898071289062, 115.2955322265625, 117.73397827148438, 73.05976867675781, 279.5224304199219, 43.282615661621094, 104.5874252319336, 57.503849029541016, 68.08916473388672, 311.03350830078125, 148.7367401123047, 39.77718734741211, 82.01395416259766, 589.0874633789062, 171.85696411132812, 6759598.5, 252.73550415039062, 288.5827331542969, 206.41500854492188, 104.23597717285156], "KID": [55391.48046875, 647532.1875, 538810.6875, 17206.154296875, 6909261.0, 4652.77001953125, 717063.25, 17569.029296875, 21968.728515625, 74599024.0, 1615535.25, 15408.51171875, 248045.125, 108772040.0, 4804559.5, -44267433984.0, 3594221.5, 3050585.5, 10031067.0, 183766.3125], "FID": [903.446359193277, 2614.409229967691, 2570.2787796826924, 664.1813818691129, 12739.046771961346, 376.61562168243927, 1952.5221972076206, 614.9115322640264, 691.2320101357491, 9950.408475748449, 2665.7776873573816, 545.5693565885867, 1413.7028629482634, 15396.204318538725, 4004.756011029829, 957098142.3418838, 3701.6147999465925, 3620.6055354983605, 4807.777526618623, 1430.9379594700517], "Precision": [0.49295774647887325, 0.4507042253521127, 0.4507042253521127, 0.43661971830985913, 0.5774647887323944, 0.49295774647887325, 0.528169014084507, 0.5211267605633803, 0.49295774647887325, 0.4154929577464789, 0.4647887323943662, 0.5704225352112676, 0.45774647887323944, 0.47183098591549294, 0.45774647887323944, 0.45774647887323944, 0.4154929577464789, 0.5070422535211268, 0.4647887323943662, 0.45774647887323944], "Recall": [0.9295774647887324, 0.9154929577464789, 0.8450704225352113, 0.8873239436619719, 0.8873239436619719, 0.852112676056338, 0.8661971830985915, 0.8802816901408451, 0.8661971830985915, 0.8943661971830986, 0.8732394366197183, 0.9577464788732394, 0.8943661971830986, 0.8802816901408451, 0.9014084507042254, 0.9295774647887324, 0.8732394366197183, 0.9084507042253521, 0.9154929577464789, 0.9225352112676056], "Density": [0.3154929577464789, 0.32535211267605635, 0.30563380281690145, 0.2943661971830986, 0.4225352112676056, 0.31971830985915495, 0.35774647887323946, 0.3126760563380282, 0.32535211267605635, 0.33380281690140845, 0.33098591549295775, 0.376056338028169, 0.34788732394366195, 0.3859154929577465, 0.31126760563380285, 0.36338028169014086, 0.28732394366197184, 0.39014084507042257, 0.32816901408450705, 0.31126760563380285], "Coverage": [0.5704225352112676, 0.7183098591549296, 0.5704225352112676, 0.5352112676056338, 0.6971830985915493, 0.5422535211267606, 0.5492957746478874, 0.5492957746478874, 0.5704225352112676, 0.5704225352112676, 0.5563380281690141, 0.6830985915492958, 0.6619718309859155, 0.6690140845070423, 0.6267605633802817, 0.7464788732394366, 0.5704225352112676, 0.6830985915492958, 0.676056338028169, 0.5422535211267606], "F1_PR": [0.6442725513107763, 0.6040477480636329, 0.5878860028079298, 0.5852673770379453, 0.699631249212575, 0.6245959205438376, 0.6562205748826062, 0.6546925167964691, 0.6283403169725524, 0.5674049455159159, 0.6066825404409892, 0.7150103178643412, 0.605571488745702, 0.614374175440703, 0.6071773794621328, 0.6134379100876678, 0.563083685201425, 0.6508411594425765, 0.6165675479545868, 0.6118967331962575]}