{"Frobenius_distance": [0.9753401527013728, 0.9547866130149739, 0.9473625287325479, 0.9561087879071976, 0.9405670943603017, 1.002210592390628, 1.0029385569438436, 0.9332898463892707, 0.952286665529764, 0.9819717544096489, 0.998723332923853, 0.9319431852708158, 0.9105407525826716, 1.0061608906219652, 0.9833235279370275, 1.0352605148690757, 1.0020511788035198, 0.9700258317503498, 1.0138255113461587, 0.962222875509535], "JSD": [0.3037943566292658, 0.3013510284645653, 0.3086256024313507, 0.30393514896722995, 0.304526266052483, 0.31223407115067253, 0.2927938210523151, 0.2967949568249495, 0.29640851110278504, 0.31324666307153864, 0.3033151500874019, 0.31466611815306916, 0.30424796916437763, 0.30239778879194823, 0.29455154476473683, 0.31291919068101165, 0.31042889962968506, 0.30192826541541845, 0.32207553799805017, 0.30601758506000354], "Centrality_distance": [0.47289440384536685, 0.4550996034059267, 0.47588621825234373, 0.47494345040473096, 0.4673472795691812, 0.4884773314493974, 0.45516608713043183, 0.45697833601716187, 0.46942085577013204, 0.48796163802261466, 0.47017494656601605, 0.4839685338040446, 0.4784463633237978, 0.4603384171235665, 0.45818289030348924, 0.4804811442800977, 0.4775581927782736, 0.46873755117799476, 0.49211614392509584, 0.47183454257994106], "Density_distance": [0.39595560578744804, 0.38784759207157243, 0.4011242882978372, 0.40219306009921374, 0.4085567196681686, 0.42367144859236205, 0.38333446476261773, 0.3860911339893576, 0.4042136596572288, 0.4228053645803701, 0.40979613092909295, 0.41042167550629205, 0.4003725560677711, 0.40504610247195183, 0.3961572282122018, 0.4242418859651911, 0.4172331873643501, 0.40989960288128, 0.4294326157448507, 0.3982121999232916], "Degree_distance": [4.9263958492815005, 4.662194024293763, 5.13389452712513, 4.8099870689964135, 5.480342330007851, 5.386762584223545, 4.800183520490702, 4.575770230777804, 4.875816458810107, 5.296656746487896, 5.071175020201849, 4.825057852819767, 4.608558499053403, 5.146446791783747, 4.743371570252678, 5.911726105284675, 5.623473461482385, 4.930764588441859, 6.284013212205638, 5.180725397153054], "MMD": [5844560896.0, 4869350400.0, 9279955968.0, 8018119680.0, 7493508608.0, 10617858048.0, 6441900032.0, 5038129152.0, 5990965760.0, 7232517120.0, 6956176896.0, 8529611776.0, 4156440064.0, 10131546112.0, 6598182912.0, 11657464832.0, 14118678528.0, 5493706240.0, 17358653440.0, 7729530368.0], "KID": [5.583527273443954e+26, 4.614317630936943e+26, 8.01823370273336e+26, 6.453332946160966e+26, 6.780589254075018e+26, 9.575306398990636e+26, 5.93654667306623e+26, 4.327063825416494e+26, 5.302499612983263e+26, 6.131635749040967e+26, 6.169180038319307e+26, 6.99088803947341e+26, 3.324409498034085e+26, 9.412613494958147e+26, 6.408212948026435e+26, 1.0809202469253201e+27, 1.2856492224180968e+27, 5.4171896617173816e+26, 1.6366960748030828e+27, 7.213980010821802e+26], "FID": [32622810277.62201, 29753298146.70651, 40011939522.798096, 36489142355.43725, 36416667962.75938, 43215912537.56619, 33880460850.72847, 29515580061.451706, 32337163435.74459, 35111507251.80543, 34904586262.41013, 37808872585.47754, 26252142039.961956, 42516282867.35022, 34759199998.10856, 45663508158.364586, 50062569965.69952, 31899942807.8957, 55911140911.70934, 37333119915.51366], "Precision": [0.0, 0.0, 0.0, 0.0, 0.0, 0.0, 0.0, 0.007042253521126761, 0.0, 0.0, 0.0, 0.0, 0.0, 0.007042253521126761, 0.0, 0.0, 0.0, 0.0, 0.0, 0.0], "Recall": [0.0, 1.0, 1.0, 0.0, 1.0, 1.0, 1.0, 1.0, 0.0, 1.0, 0.0, 1.0, 1.0, 1.0, 1.0, 1.0, 1.0, 1.0, 1.0, 1.0], "Density": [0.0, 0.0, 0.0, 0.0, 0.0, 0.0, 0.0, 0.004225352112676057, 0.0, 0.0, 0.0, 0.0, 0.0, 0.0028169014084507044, 0.0, 0.0, 0.0, 0.0, 0.0, 0.0], "Coverage": [0.0, 0.0, 0.0, 0.0, 0.0, 0.0, 0.0, 0.02112676056338028, 0.0, 0.0, 0.0, 0.0, 0.0, 0.014084507042253521, 0.0, 0.0, 0.0, 0.0, 0.0, 0.0], "F1_PR": [1e-05, 1.9999800003999925e-05, 1.9999800003999925e-05, 1e-05, 1.9999800003999925e-05, 1.9999800003999925e-05, 1.9999800003999925e-05, 0.014005736028739009, 1e-05, 1.9999800003999925e-05, 1e-05, 1.9999800003999925e-05, 1.9999800003999925e-05, 0.014005736028739009, 1.9999800003999925e-05, 1.9999800003999925e-05, 1.9999800003999925e-05, 1.9999800003999925e-05, 1.9999800003999925e-05, 1.9999800003999925e-05]}