{"Frobenius_distance": [1.027301057179769, 1.4774070302645366, 0.9007518331209818, 1.169507207473119, 1.4605893115202586, 1.1209686219692232, 1.2389804263909658, 0.9400525351365406, 1.0147618631521862, 1.130193759997686, 1.4924321134885155, 0.9722615480422975, 1.092296725511551, 1.397475850582123, 1.2281688123941423, 1.4278540352980296, 1.0129608412583668, 1.158068001270294, 1.2270326554775237, 1.0269426186879476], "JSD": [0.15517991880575815, 0.1749112676208218, 0.11788473750154177, 0.14475103666385014, 0.15757885264853635, 0.138876469930013, 0.14323683679103855, 0.12750163127978642, 0.15702063627541063, 0.1376789023478826, 0.1909752813478311, 0.15835610503951708, 0.15179239834348363, 0.1401896851758162, 0.12870562622944515, 0.17018582026163737, 0.14701302150885265, 0.14378868341445922, 0.17325728336970012, 0.1521022933224837], "Laplacian_spectrum_distance": [3.1899997422504986, 3.3493040600651693, 3.3166683862433555, 3.421819744088604, 3.5623720234438334, 12.090021145364426, 3.470549939604548, 2.414129200674817, 3.790083907532349, 6.450112580302029, 3.3031993617971414, 14.786568236975626, 4.292811217730881, 1.7355298542512982, 8.70259256416594, 11.296181593535646, 2.792567301871597, 11.432376474021037, 4.108647481200592, 12.246471880225211], "Centrality_distance": [0.2702857959699918, 0.2261032247355052, 0.22611946249305184, 0.2133640607726691, 0.22407892584672318, 0.18803509424124326, 0.1912503792145792, 0.17129243207060105, 0.24184384616816382, 0.19441248831939673, 0.2491003158368386, 0.17817982415093186, 0.2306719547404169, 0.19891678556757236, 0.23152196508541875, 0.21941728356370735, 0.25921922218905774, 0.20203971071128252, 0.2802206644730936, 0.26795915718113167], "Density_distance": [0.09074602684896803, 0.09056370916665035, 0.09609664210154407, 0.08559005945035358, 0.17212136447430568, 0.17683060087709046, 0.09225461085755204, 0.06435452347217054, 0.07950237771058204, 0.1432180938319046, 0.1003310483089895, 0.14729023620627035, 0.06253864463423287, 0.1131245742275154, 0.17162396517788675, 0.13475574323771666, 0.060164097884686116, 0.16211766447060566, 0.11891110251404369, 0.13765735029254955], "Degree_distance": [1.9789873797919573, 1.9800419001958711, 1.5822830065420126, 1.7301730867245388, 1.9887651032102904, 2.1303911658331955, 2.008776526928952, 1.330777178713805, 1.9845615179743372, 2.0694041154643896, 2.1594086938220824, 2.3118028640035497, 2.108397115295257, 1.8324004860258718, 2.1405211019064083, 2.059647071229355, 1.7599542214403936, 2.257643204207846, 2.4142506364709506, 2.356546579494719]}