{"Frobenius_distance": [2.5584344206711798, 2.4116586165813105, 2.4914424053946216, 2.3205752508326745, 2.658642957168974, 1.969138256495838, 2.462926000383959, 2.225751789025647, 2.4800179269055547, 2.2224881270240684, 2.4132092212476968, 2.413886390990986, 2.2533042630777342, 2.2501800701798254, 2.1574712806686875, 2.415838860960139, 2.5176607646638427, 2.352710771925437, 2.4330496596909748, 2.228536009415984], "JSD": [0.31878330937119, 0.29096031410742096, 0.3033102609877816, 0.2788677001534287, 0.3156027217287135, 0.23053413868272515, 0.3020026975063694, 0.26381533609800434, 0.3027925957705971, 0.27487445465894117, 0.285909246978146, 0.2805335775175088, 0.26715830959044334, 0.2839239701051762, 0.2720077981457347, 0.28590383787496143, 0.31967730951248247, 0.2913101560464535, 0.2909570446537032, 0.25990657103951287], "Laplacian_spectrum_distance": [6.87660937464589, 5.894579569848052, 6.56036140528747, 5.79936934456622, 5.7751309054875595, 6.088708711729254, 6.268431430521458, 5.712101872619417, 6.303810282687982, 6.3236945567183405, 4.8910435393443406, 4.977646512333418, 5.9358705313978355, 5.443089309631714, 5.283980245209754, 6.252836939914457, 5.72111896794922, 5.557588446473188, 5.380697906357097, 5.902287836583156], "Centrality_distance": [0.35624044943085603, 0.34970020359791004, 0.3328265797838168, 0.324298495014351, 0.36482389417614436, 0.31015762976336675, 0.3508343825735935, 0.3131795433527275, 0.4074551681345125, 0.31830880887979685, 0.3504352962982246, 0.3032030559328765, 0.33387515387839206, 0.3387907048653379, 0.3048218003408103, 0.3461536538677494, 0.30864193987905586, 0.3361923792060295, 0.326001730653798, 0.33250810861070706], "Density_distance": [0.179449591802533, 0.16799208960973666, 0.17773415310180016, 0.1664939009791951, 0.14702450463479874, 0.15844182505947213, 0.1547976451652922, 0.17588958699252819, 0.15048547585312289, 0.14442296401855226, 0.19893287404316817, 0.18321695733460436, 0.15475134886899594, 0.14797325631884456, 0.1680481337834279, 0.18288626950391657, 0.13956813067107185, 0.14965196976226386, 0.16625928537693244, 0.18117728540522657], "Degree_distance": [2.895103633039415, 2.88491822285717, 2.968104433914984, 2.7287454835927107, 3.150049710905166, 2.5366346569516622, 2.8806730570814367, 2.556020209276886, 3.0148256962074282, 2.593488241308856, 2.413381192518052, 2.6154218926781425, 2.742717458860504, 2.4934709821844585, 2.5925741917341343, 2.8238180682933907, 2.686056840692757, 2.6483159599390627, 2.842417549587986, 2.6160569863234544]}