{"Frobenius_distance": [2.9086260557174684, 2.405276409784953, 2.2151372830073037, 2.0926562984784445, 1.5419965783754983, 2.4475364704926807, 1.9891279697418214, 2.1719504714012143, 1.717098061243693, 2.31089435617129, 1.887712244192759, 1.9929146528244017, 2.0387248118718464, 2.180469330151876, 1.7483341852823893, 2.0869882822036745, 1.7885448932647703, 1.931653889020284, 1.7068453073501586, 2.369595789909363], "JSD": [0.4089778386444474, 0.39550076009084784, 0.3863818319980055, 0.3930157529966285, 0.3748131406493485, 0.3980304500864198, 0.39368653737086184, 0.3893872125384708, 0.38183482609844455, 0.4002600731949012, 0.39172407580384355, 0.39055893233356376, 0.39418875930520403, 0.38850115517464784, 0.3897332777890066, 0.400461551019301, 0.38598626609891656, 0.3988429660132776, 0.388343845664834, 0.39013891054006916], "Laplacian_spectrum_distance": [101.84401269719758, 99.57787726235523, 98.63753008296027, 88.10077587256221, 74.69101927824224, 107.3940001978879, 90.8547556152295, 90.25522611816905, 101.05273766616858, 109.14200148859577, 102.54022420074843, 88.7019521852258, 102.41255605766315, 97.04434652376246, 86.96011027085511, 110.10892654083085, 107.77603440689563, 111.21852507360082, 78.95072950976595, 95.2115436795735], "Centrality_distance": [0.5213793037853689, 0.48824063412030694, 0.4466576924006487, 0.5123837342002892, 0.4482916790178435, 0.516308932505119, 0.5006238252556554, 0.4879392983224576, 0.4981487239729314, 0.5007802792855953, 0.5115075755686209, 0.5019882276843639, 0.48701585440122264, 0.5133228058959503, 0.4902107828867853, 0.5025813736786326, 0.4989741339058099, 0.5222909548310618, 0.48745296058625, 0.45715814426876583], "Density_distance": [0.4016701449058888, 0.3951681276495159, 0.40388319936465544, 0.3760059037770638, 0.37097202054344436, 0.4226491294493918, 0.40014307143433464, 0.3874347366083078, 0.3865826023315759, 0.3951801763139524, 0.4081282130129256, 0.38606742071677236, 0.40785252678376294, 0.4076961489483437, 0.3959048453342933, 0.3959456103449225, 0.3914845636585955, 0.41546403708228785, 0.3676906041297766, 0.39946990071633737], "Degree_distance": [13.2669864878005, 10.768736897699384, 10.238498065973513, 9.687814920138546, 7.034226255601883, 10.54215848519711, 10.628697371924803, 9.296246048798304, 9.073075948066382, 11.211096770061875, 9.314470108962404, 10.202041570425525, 11.061897658494955, 8.348570262865442, 8.069161038815576, 10.436057655954409, 8.57243851708349, 10.654672449554678, 8.240619236648106, 10.987114966015865]}