{"Frobenius_distance": [0.41367254346618393, 0.43673404427358303, 0.4944147110059556, 0.4178058913256422, 0.4392417313412198, 0.43751470578113827, 0.4486285155634995, 0.48559968638486883, 0.4149827080577324, 0.4532842710053034, 0.4143247991494215, 0.45278314673711384, 0.4161018918282585, 0.4244810350765664, 0.4105168291834556, 0.41309703960249516, 0.4273347823188715, 0.4327914160024403, 0.47104665046535177, 0.43152016449523717], "JSD": [0.029158356111442192, 0.030532800479958152, 0.031054548921983564, 0.02126485438193631, 0.025268365078223966, 0.030052412906299304, 0.028760145592320346, 0.03253985051699899, 0.02774444038701733, 0.02869825976458139, 0.027822071840013257, 0.0287372591573985, 0.025651939869056863, 0.02912318557245762, 0.029823572199746455, 0.02773408928240826, 0.024668455672549786, 0.02965000165476259, 0.03171228810755256, 0.029119219262949445], "Laplacian_spectrum_distance": [2.8493062931470585, 2.9943828200830565, 2.8569494509683238, 2.724768765948793, 2.992317501770407, 2.888422992826229, 2.954465408150933, 3.083440768036738, 3.0451323040522156, 2.7905477719163385, 2.862033789555485, 2.8240747511454747, 2.8486345130928616, 2.979916770286842, 3.0243159517293727, 2.802298463020308, 2.7909720402143243, 2.8531807914595824, 2.7959879516048, 2.813901634316353], "Centrality_distance": [0.18070717028443847, 0.16805928923699287, 0.18635671365033715, 0.17621848259382117, 0.16567322285516456, 0.17748306464082306, 0.16169297925171788, 0.19463011000629213, 0.1885407584681196, 0.16780767536875335, 0.1829920158306465, 0.17704991951025223, 0.16659764556643555, 0.15650427381181525, 0.1888244704274426, 0.19058288398604314, 0.1649501076964172, 0.1658871413180654, 0.1772112289551462, 0.17489559463087528], "Density_distance": [0.04213933147289824, 0.04832900992564858, 0.03644337800733692, 0.04739170346546631, 0.03826721921609876, 0.04511296705507723, 0.04676861753075572, 0.04279417028833462, 0.03893629548858307, 0.042162603969326654, 0.05164614486043057, 0.04244391907673887, 0.05024531460689257, 0.04697171111386797, 0.034645447836390876, 0.0475382177389647, 0.040638382047112204, 0.053678539748801185, 0.0399590244454857, 0.046888380924328635], "Degree_distance": [0.6001708245800782, 0.6877764748649711, 0.6564215198581814, 0.5368751214770979, 0.6212624710245811, 0.5798288742751879, 0.6444599682666222, 0.599539370603192, 0.6751331653729202, 0.602444520635918, 0.6349912005437652, 0.560429203222275, 0.6464580045731229, 0.6034661165832438, 0.5880347470357503, 0.5884191910381551, 0.6019515721026742, 0.6500439421167767, 0.6183344754514964, 0.5588482068441424]}