{"Frobenius_distance": [1.4998041855622495, 1.4691449846719156, 1.5031270688512186, 1.4395870430059166, 1.4367256959942012, 1.491556989976073, 1.4149808173971614, 1.4831197508352805, 1.487413605758456, 1.4659431496525095, 1.4822384928962797, 1.4587630557414244, 1.5389973621090318, 1.4787633187006601, 1.457196855409978, 1.4943325024570464, 1.4578403574114247, 1.4175459215586852, 1.509205337491334, 1.4915206655354472], "JSD": [0.16585351750233335, 0.1589824697368997, 0.16353003315464762, 0.15780984354802022, 0.1543909609931401, 0.16502430651920713, 0.15658049441793054, 0.16150380747874513, 0.16265025300596753, 0.16053392318793971, 0.16305281149793904, 0.15896685803018012, 0.17052561181717724, 0.15936266770676266, 0.1599295095932641, 0.16134554236494023, 0.15875662562137793, 0.15118708926985872, 0.16674991698406444, 0.1636155707716345], "Laplacian_spectrum_distance": [3.8421878544982233, 3.635347819870264, 3.8374027575578444, 3.9044557786437126, 3.655723940504557, 3.722088615763025, 3.644913370297996, 3.8809771550688583, 3.8609233583499796, 3.8928708841059763, 3.692291943153951, 3.679101821999923, 3.757147770804132, 3.8727175229587933, 3.5943272140214835, 3.976432309477956, 3.94479999197044, 3.590110106647095, 4.02503106978458, 3.617483033839077], "Centrality_distance": [0.2706182377807805, 0.27194248210249167, 0.26172316740832297, 0.27511200450143336, 0.261935436068043, 0.26933050093002275, 0.2680475748681436, 0.26441909825978616, 0.2697630993585373, 0.2457882678153295, 0.270968775664726, 0.26846958386108966, 0.2799889853197599, 0.24995727167557727, 0.2595679043108812, 0.27517318874594576, 0.25011009764275105, 0.24969740511430824, 0.2822116707431012, 0.27096706989520364], "Density_distance": [0.07693369409405823, 0.07795369295952861, 0.06842633392820134, 0.07575049734130032, 0.0796578420714742, 0.07802176033151756, 0.07158635702403209, 0.07698718544656918, 0.071791919046821, 0.08233795870934059, 0.07241876574509627, 0.07888594987334482, 0.07300360885094778, 0.07792246161177067, 0.07261917306851946, 0.07450792019302757, 0.07218759320183223, 0.07636725664970295, 0.0764516798690468, 0.08185779219742804], "Degree_distance": [1.1291924013569994, 1.2220416454385612, 1.0440982445545797, 1.1032000887875706, 1.090703289786471, 1.1562728405782385, 1.0786243515163965, 1.184720784990954, 1.1084003765300354, 1.1519089009882981, 1.0930922666495464, 1.1792042415704138, 1.2697400040836704, 1.1615844279226994, 1.164671281015732, 1.1060829447167861, 1.0183814533609747, 1.1493727899071235, 1.1835643519094876, 1.1973310686273084]}