{"Frobenius_distance": [0.7471038160315193, 0.7298139964276447, 0.716783079227628, 0.758086606701549, 0.7001180925289123, 0.7661807741474742, 0.7604572195261764, 0.772974402281936, 0.6900894881890194, 0.7186649693939643, 0.7143696532826762, 0.7503940316364099, 0.7483823081135861, 0.7602992361017822, 0.7577150465764623, 0.6770325584052472, 0.7244053419601721, 0.7367169543919888, 0.7294923735785402, 0.7633345041807811], "JSD": [0.27046564248730504, 0.250964110549406, 0.24430828071455885, 0.24649881384272554, 0.2388178053664474, 0.25389707150535445, 0.2638867084760569, 0.2547652280092044, 0.23863122052542918, 0.24727978498651448, 0.2479894584903961, 0.2522149409688783, 0.2603430697366009, 0.25103557177518143, 0.2596454114601285, 0.23934334799594575, 0.25070584562074927, 0.2432872157903615, 0.25373168923856426, 0.26373599405301035], "Laplacian_spectrum_distance": [29.47759247530839, 26.619937244873718, 27.73524306408077, 25.57278749550734, 25.598221198820028, 29.747700344639107, 28.688106885489397, 28.272450988857212, 24.957070513960268, 24.1568229633804, 27.669199126560937, 28.68975801336268, 27.88217245818077, 26.45170604072164, 29.609378326531136, 23.631481523168482, 27.386372451228883, 27.71827549229681, 28.751837044445594, 30.610594297260683], "Centrality_distance": [0.4009153390549518, 0.35696458419797483, 0.34502168390372157, 0.3540071931948101, 0.344307585228317, 0.36405719079385823, 0.3776883761331878, 0.37457910603806166, 0.3452995362912646, 0.34139865636406574, 0.36438137641059115, 0.38047525063110355, 0.3677969612485543, 0.36711057128355185, 0.3752873751308141, 0.33652632110437475, 0.362638128691829, 0.3607667146546242, 0.37874525317852037, 0.3898048826579822], "Density_distance": [0.3375989348840106, 0.3095681550090253, 0.3238390610690864, 0.3024662971877251, 0.3154315879474522, 0.3243939250071721, 0.3312110236831885, 0.32051568502285543, 0.29963019741526403, 0.3122228877547647, 0.31230554692374096, 0.3442584371475773, 0.3243943735514182, 0.3135287339985788, 0.3238729858894115, 0.30802518721145744, 0.32676487447713964, 0.3104237161123095, 0.323562714658856, 0.3301889761284419], "Degree_distance": [4.2759648694691474, 3.898678439015537, 4.108881696381291, 3.7596853301171294, 3.822008409630423, 4.274034726998245, 4.305266084565588, 4.16082968089443, 3.7435522198921176, 3.5175524789861377, 4.074581997853381, 4.2035775625837, 4.066287261543701, 4.036635975498491, 4.340647532589167, 3.6251395555076575, 4.031020317455061, 4.0939726691874725, 4.135159627887032, 4.345888545498363]}