{"Frobenius_distance": [0.5038177072389676, 0.5689876930015391, 0.5339965353418725, 0.5147302768588845, 0.4936807345498065, 0.5654745541626591, 0.5027788874296395, 0.547433338468037, 0.5217472994991673, 0.5285676323213645, 0.5467636782915986, 0.5434348774000821, 0.49731064134396535, 0.5730570273758502, 0.522344294475166, 0.5256661069641743, 0.4960995533516056, 0.4838841424491448, 0.4961036875394138, 0.5461779436291915], "JSD": [0.031404298336621644, 0.04120909876581148, 0.03822796141483537, 0.03602576417842091, 0.03286923005402441, 0.040526269902433146, 0.03819179513068204, 0.03731620698550428, 0.035911141419212214, 0.038690898957242856, 0.037158767400854956, 0.04126043957442166, 0.03213081336280211, 0.04332872424918174, 0.03521015726185238, 0.04065314462710458, 0.0332684942591591, 0.03181965299996489, 0.035988823184844976, 0.039101089841149655], "Centrality_distance": [0.18170240512583483, 0.20209976855860803, 0.17555153080776584, 0.18601031333200377, 0.16545394191261945, 0.16313080833933752, 0.15451937211790823, 0.177579116521296, 0.1554573176980252, 0.17313426613190797, 0.18548506187064737, 0.17351055602046409, 0.16600839194331551, 0.2080445287881003, 0.16278199295767362, 0.14405826622232354, 0.17557505836635284, 0.15160963617679793, 0.14138802941758033, 0.17156398074854148], "Density_distance": [0.03168031448960487, 0.02735623412794281, 0.025438901538341312, 0.023475193496201897, 0.027489323278305534, 0.029445669789974177, 0.028074691544579495, 0.02894140354924668, 0.0305040100733378, 0.02692113416203052, 0.031145443975742756, 0.027222615023735474, 0.028446433395079518, 0.02689666758527636, 0.03119941786608453, 0.027304317177099618, 0.02197365292486674, 0.02786058626161334, 0.031208432695360798, 0.026030207645520435], "Degree_distance": [0.5244990980690541, 0.45718726601926246, 0.4856917473485932, 0.40313492394789746, 0.4224198559374334, 0.4150632587643894, 0.39970921929941683, 0.4040938001166629, 0.4310539963348022, 0.42628331620042187, 0.4912259312699293, 0.38425407887667257, 0.4903446670550182, 0.4138818796299032, 0.34191298448029533, 0.4376090003986861, 0.45519445005006465, 0.3633405736681794, 0.41906549139218396, 0.4573308536102175], "MMD": [27.419174194335938, 28.35945701599121, 26.44245719909668, 24.821504592895508, 26.20695686340332, 31.35535430908203, 20.257164001464844, 24.068321228027344, 30.731624603271484, 23.523799896240234, 45.58230972290039, 25.910385131835938, 20.02362632751465, 29.248849868774414, 28.77878761291504, 26.945884704589844, 27.99357032775879, 21.367979049682617, 20.18773651123047, 25.597278594970703], "KID": [507.6612548828125, 52.50424575805664, 34.1473388671875, 28.486610412597656, 424.2282409667969, 16055.806640625, 9.674459457397461, 7.607643127441406, 9010.4951171875, 285.0848388671875, 33328.62890625, 226.3431396484375, 71.45826721191406, 1020.4530029296875, 331.5279541015625, 179.48919677734375, 26.032657623291016, 21.603212356567383, 8.970100402832031, 4.038569450378418], "FID": [178.23928796609962, 91.45439385957587, 72.21141006539678, 227.5462936423217, 226.88923729642758, 823.0196991318279, 44.616480006859916, 54.98916414765907, 481.06030743271174, 141.79865292345946, 1379.6404053309466, 163.53146800559966, 113.05104405203954, 285.8611631682704, 163.41561708530753, 122.88846252557752, 77.8822604970756, 57.206917842206096, 44.676953542789235, 37.50645372009194], "Precision": [0.4225352112676056, 0.43661971830985913, 0.5070422535211268, 0.49295774647887325, 0.49295774647887325, 0.5211267605633803, 0.5140845070422535, 0.5140845070422535, 0.4647887323943662, 0.5, 0.45774647887323944, 0.44366197183098594, 0.5774647887323944, 0.4084507042253521, 0.4014084507042254, 0.4084507042253521, 0.4788732394366197, 0.5070422535211268, 0.5, 0.39436619718309857], "Recall": [0.9647887323943662, 0.8380281690140845, 0.9014084507042254, 0.9154929577464789, 0.8943661971830986, 0.8661971830985915, 0.8802816901408451, 0.9507042253521126, 0.9225352112676056, 0.8450704225352113, 0.8028169014084507, 0.9295774647887324, 0.9154929577464789, 0.8873239436619719, 0.9577464788732394, 0.8802816901408451, 0.852112676056338, 0.8943661971830986, 0.8591549295774648, 0.9225352112676056], "Density": [0.2774647887323944, 0.24507042253521127, 0.3647887323943662, 0.36056338028169016, 0.2887323943661972, 0.44225352112676064, 0.3507042253521127, 0.34788732394366195, 0.33943661971830985, 0.34225352112676055, 0.3492957746478873, 0.29295774647887324, 0.35492957746478876, 0.3126760563380282, 0.3042253521126761, 0.29295774647887324, 0.3408450704225352, 0.30563380281690145, 0.38450704225352117, 0.25915492957746483], "Coverage": [0.6338028169014085, 0.44366197183098594, 0.6197183098591549, 0.647887323943662, 0.5845070422535211, 0.7464788732394366, 0.6126760563380281, 0.6126760563380281, 0.676056338028169, 0.704225352112676, 0.5563380281690141, 0.5915492957746479, 0.6971830985915493, 0.6056338028169014, 0.704225352112676, 0.647887323943662, 0.5352112676056338, 0.5985915492957746, 0.6619718309859155, 0.5915492957746479], "F1_PR": [0.5877000956723464, 0.5741297373353174, 0.6490248684959096, 0.6408559704097554, 0.6356010280564169, 0.6507577409898838, 0.6491072895164705, 0.6673321235893146, 0.6181565093971435, 0.6282829094499327, 0.5830621302516686, 0.6006613062239519, 0.7082220459821318, 0.5594112432894446, 0.5657272122003453, 0.558004105754523, 0.6131712305067054, 0.6471903236293823, 0.6321350505951103, 0.5525460666285701]}