{"Frobenius_distance": [1.3114220815670556, 1.3067096029612488, 1.302867011426449, 1.2895279008184102, 1.323801753866614, 1.3660736382755185, 1.3385819439654152, 1.3200839734083736, 1.334301523041917, 1.3184293615245868, 1.3785434360344098, 1.356366574996978, 1.389876366123505, 1.3150425920622373, 1.3034085173893402, 1.3271101685253783, 1.3664402932360973, 1.3688138883896488, 1.3006644792282742, 1.3139574465682156], "JSD": [0.12868139691382782, 0.12607019706562037, 0.13064883327130278, 0.12609077258746337, 0.12759287374582093, 0.1322565446626908, 0.13060481064101137, 0.13241209886113658, 0.12949740347889094, 0.12539169231962344, 0.13857901847501358, 0.13072604111389688, 0.13819493765009697, 0.12879378997119778, 0.12798597445051074, 0.13140055149216084, 0.13457193983789859, 0.13431065094484193, 0.1278818202003164, 0.12969107927659262], "Centrality_distance": [0.20892234326572331, 0.19623701242137478, 0.19957181788744396, 0.2030534200139493, 0.21069800576090197, 0.1855904151644612, 0.19877376762031462, 0.20749190900437003, 0.21789106634324307, 0.22233445253964296, 0.20025483738844171, 0.20009560652010086, 0.205327873550497, 0.2056718702016261, 0.20704317748146397, 0.21684007417220877, 0.2038527314879191, 0.22117137527803654, 0.21323475126987124, 0.21314237932534663], "Density_distance": [0.047090000249430684, 0.050453128328945315, 0.054806535236040364, 0.048481778060442855, 0.056209589162436964, 0.04850306828248004, 0.0480016342633056, 0.0557498811490408, 0.052014426248786653, 0.04903216937297236, 0.05020957018739464, 0.057385730213694724, 0.044250283554671976, 0.05055324413284264, 0.04457093257746852, 0.04998106153451625, 0.04207095784009883, 0.05353402873710997, 0.05534338072620052, 0.04839692930612632], "Degree_distance": [0.6526600402095923, 0.7719722461172915, 0.7267950534542675, 0.6087109525868595, 0.7827339318088773, 0.6318813044254019, 0.6855436438827759, 0.7032165877222732, 0.7836004664648151, 0.7133418795362799, 0.7100322389693934, 0.7060958129668022, 0.6971153527420495, 0.787263735688752, 0.7019998331370455, 0.8617575480547159, 0.7575165693228362, 0.877052021318349, 0.678829260682994, 0.6811253241469397], "MMD": [48.28582000732422, 36.865318298339844, 32.733951568603516, 35.10268783569336, 38.49728012084961, 39.75982666015625, 36.179168701171875, 39.01054000854492, 46.32167434692383, 41.738197326660156, 39.207664489746094, 44.09542465209961, 38.21156311035156, 34.37792205810547, 38.436283111572266, 42.00088119506836, 36.31340789794922, 61.774085998535156, 39.980777740478516, 38.69926071166992], "KID": [175.8571319580078, 23.796741485595703, 19.246572494506836, 10.273116111755371, 29.20590591430664, 12.169979095458984, 37.851234436035156, 51.85481643676758, 147.55389404296875, 77.81340026855469, 64.83879852294922, 116.92388153076172, 29.108211517333984, 8.839049339294434, 53.329795837402344, 187.6110076904297, 88.54879760742188, 374.4496765136719, 104.28172302246094, 59.46540069580078], "FID": [153.2410050768469, 73.09300199425263, 66.7779727265802, 58.043457971678805, 79.34685179572114, 65.76757922779841, 82.97126751058894, 97.35263689609539, 141.27026035308288, 109.12481928586584, 107.83722347129387, 125.49299181999726, 80.7605381299552, 53.72737766164754, 97.60217882556586, 143.07146097085277, 108.68761545197455, 207.1780402420913, 121.22093449262931, 101.46245775194828], "Precision": [0.323943661971831, 0.2887323943661972, 0.31690140845070425, 0.29577464788732394, 0.30985915492957744, 0.2746478873239437, 0.28169014084507044, 0.323943661971831, 0.3028169014084507, 0.34507042253521125, 0.30985915492957744, 0.30985915492957744, 0.323943661971831, 0.2887323943661972, 0.2887323943661972, 0.29577464788732394, 0.3380281690140845, 0.2746478873239437, 0.2746478873239437, 0.2887323943661972], "Recall": [0.647887323943662, 0.6971830985915493, 0.528169014084507, 0.7112676056338029, 0.6408450704225352, 0.5704225352112676, 0.5563380281690141, 0.6901408450704225, 0.6549295774647887, 0.6549295774647887, 0.8098591549295775, 0.704225352112676, 0.5563380281690141, 0.7535211267605634, 0.704225352112676, 0.6197183098591549, 0.5985915492957746, 0.38028169014084506, 0.5352112676056338, 0.6549295774647887], "Density": [0.17887323943661973, 0.14788732394366197, 0.1507042253521127, 0.1732394366197183, 0.16619718309859155, 0.13661971830985917, 0.17464788732394365, 0.1619718309859155, 0.18450704225352113, 0.1676056338028169, 0.2, 0.14647887323943662, 0.16901408450704225, 0.17746478873239438, 0.1507042253521127, 0.1732394366197183, 0.17464788732394365, 0.17746478873239438, 0.17183098591549295, 0.19154929577464788], "Coverage": [0.23943661971830985, 0.2676056338028169, 0.2887323943661972, 0.3028169014084507, 0.29577464788732394, 0.23943661971830985, 0.2887323943661972, 0.2887323943661972, 0.21830985915492956, 0.2676056338028169, 0.352112676056338, 0.2887323943661972, 0.28169014084507044, 0.31690140845070425, 0.29577464788732394, 0.3028169014084507, 0.28169014084507044, 0.18309859154929578, 0.23943661971830985, 0.30985915492957744], "F1_PR": [0.43193599371735325, 0.4083618168953362, 0.39613738554858896, 0.41781924681803134, 0.4177472579508927, 0.370785872858333, 0.3740198324840074, 0.44093462167050923, 0.414157996188696, 0.45200461216092086, 0.4482359287557556, 0.43037144971804364, 0.4094754856765598, 0.41750342373677557, 0.4095612464375855, 0.40044462149110754, 0.4320768546054683, 0.31895619380425283, 0.36302389490241666, 0.40078930700657295]}