{"Frobenius_distance": [0.7448226689476111, 0.6312592202875794, 0.6783986528788704, 0.6877896495485766, 0.6812739487863796, 0.668422660473682, 0.7504062301564209, 0.6687718586984024, 0.7069409525769171, 0.6738249528456284, 0.6519082427618477, 0.7176340903294929, 0.6660272321892496, 0.7456037910675432, 0.6527114927082317, 0.689892376649057, 0.7128694783034741, 0.7002192544484487, 0.672737731953629, 0.705839070971792], "JSD": [0.23598200405422926, 0.24095728875051198, 0.23598188005444015, 0.23229905712313037, 0.23252340702944657, 0.23885276676804917, 0.2460564346462859, 0.22504692304209267, 0.23757633564734604, 0.23179759090627755, 0.24186744981303632, 0.24886513111309677, 0.22191537281711649, 0.23571239754962256, 0.2501283970619432, 0.24031552406328788, 0.23745756678867574, 0.2382961537409255, 0.2237940993804225, 0.2510742750814213], "Centrality_distance": [0.35666130195606505, 0.3553416167097335, 0.34719082907990007, 0.34964223753163914, 0.3484075153466901, 0.35252245166350704, 0.37914783853828926, 0.3408247307008294, 0.3677232467341044, 0.3417566736979785, 0.353991162606207, 0.3733778842953782, 0.32849011255736366, 0.3503513370252611, 0.3659821412171922, 0.34817061336995525, 0.3734797143864429, 0.34939693113116055, 0.3365568338546723, 0.3798936244092428], "Density_distance": [0.3164218526983309, 0.32418015180609233, 0.3186324551768106, 0.314727628127483, 0.3065044092112168, 0.31711823275448275, 0.327530013294401, 0.30202019564618926, 0.3242885320363385, 0.3114881985708827, 0.3071365409550042, 0.3307507336953597, 0.3189457282829495, 0.30302613169833437, 0.329021363847063, 0.3207337585576066, 0.31582645379250734, 0.31152782245684046, 0.3144945745632232, 0.3303700717443264], "Degree_distance": [4.160689100226841, 3.4073584096866396, 3.84367150682906, 3.6074877012369355, 3.479309382869049, 3.61126920802968, 4.26946868994356, 3.444152299933752, 4.21216169057685, 3.262860342149421, 3.5451959426913584, 3.9217973438553244, 3.553367155603018, 3.919040536798938, 3.6244900592360016, 3.6681786072405163, 3.76270594529518, 3.464861078682443, 3.2620269167588316, 4.0544684152923], "MMD": [3715926272.0, 1504509696.0, 2388205568.0, 1558879616.0, 1721335808.0, 1179959424.0, 3629551616.0, 1372764032.0, 3188872192.0, 978087936.0, 1788671232.0, 2567531264.0, 1027589312.0, 3235090688.0, 1334810368.0, 2045419520.0, 1919677184.0, 1313716992.0, 845908928.0, 2279170816.0], "KID": [3.718285115365694e+26, 1.2323107570768708e+26, 2.376840284402265e+26, 1.3320441857160259e+26, 1.4496043633605732e+26, 8.650408787227728e+25, 3.301184678310403e+26, 1.2694685870668661e+26, 2.7686797501230183e+26, 6.5851399131885205e+25, 1.572393455080254e+26, 2.2718762814810096e+26, 8.205270405985042e+25, 3.010432078841493e+26, 1.1513720703383757e+26, 1.884618802520725e+26, 1.571195892454989e+26, 9.001153334370834e+25, 6.239220573126495e+25, 1.9701611509439754e+26], "FID": [26392210967.558266, 16112186666.216808, 21198624994.189083, 16564480553.255472, 17303475692.08514, 13832051047.034773, 25500595797.03205, 15852349412.183, 23629077523.12821, 12368390257.33874, 17861377749.638348, 21308770562.560917, 13206180608.098866, 24250970134.75282, 15366577832.8714, 19290388578.584946, 18076298771.730354, 14331372677.450317, 11780017981.53173, 19913529242.024815], "Precision": [0.028169014084507043, 0.014084507042253521, 0.028169014084507043, 0.035211267605633804, 0.014084507042253521, 0.02112676056338028, 0.035211267605633804, 0.04225352112676056, 0.035211267605633804, 0.04225352112676056, 0.028169014084507043, 0.028169014084507043, 0.028169014084507043, 0.02112676056338028, 0.0, 0.02112676056338028, 0.02112676056338028, 0.007042253521126761, 0.04225352112676056, 0.028169014084507043], "Recall": [1.0, 1.0, 1.0, 0.9788732394366197, 1.0, 1.0, 0.9929577464788732, 0.5492957746478874, 1.0, 0.9859154929577465, 1.0, 1.0, 0.5140845070422535, 0.9929577464788732, 1.0, 0.9929577464788732, 0.9859154929577465, 1.0, 0.9929577464788732, 1.0], "Density": [0.016901408450704227, 0.008450704225352114, 0.015492957746478873, 0.018309859154929577, 0.015492957746478873, 0.022535211267605635, 0.014084507042253523, 0.015492957746478873, 0.011267605633802818, 0.011267605633802818, 0.009859154929577466, 0.018309859154929577, 0.02112676056338028, 0.005633802816901409, 0.0, 0.018309859154929577, 0.015492957746478873, 0.0014084507042253522, 0.01267605633802817, 0.01267605633802817], "Coverage": [0.08450704225352113, 0.035211267605633804, 0.06338028169014084, 0.07746478873239436, 0.07746478873239436, 0.07746478873239436, 0.035211267605633804, 0.04929577464788732, 0.035211267605633804, 0.04225352112676056, 0.02112676056338028, 0.07042253521126761, 0.08450704225352113, 0.02112676056338028, 0.0, 0.056338028169014086, 0.056338028169014086, 0.007042253521126761, 0.035211267605633804, 0.06338028169014084], "F1_PR": [0.05481345450814518, 0.027797229751857673, 0.05481345450814518, 0.06799596745985147, 0.027797229751857673, 0.0413984997011093, 0.06802948143466753, 0.0784881716400856, 0.06804589644934751, 0.0810525736615326, 0.05481345450814518, 0.05481345450814518, 0.05342940708080413, 0.04139242328327163, 1.9999800003999925e-05, 0.04139242328327163, 0.04138626188225687, 0.014005736028739009, 0.08107620904566525, 0.05481345450814518]}