{"Frobenius_distance": [1.9959694365660352, 1.3732972145080566, 2.131460521618525, 2.3163191974163055, 1.9601318538188934, 1.5281909743944806, 1.840618308385213, 2.0122309903303783, 1.9784370442231496, 1.60682578086853, 1.6469478686650594, 1.9853491206963856, 1.8845303614934288, 1.7006816943486531, 1.9975156664848326, 1.7123483022054038, 1.9472115059693653, 1.9411032696564994, 2.4346436858177185, 1.8434686144193013], "JSD": [0.39239579350687565, 0.3659021738606195, 0.3905761486850679, 0.38191380130592734, 0.3893735244094084, 0.38102759762356675, 0.3928540444932878, 0.3979465804373225, 0.39399939399833483, 0.37296115943851577, 0.3888907903805375, 0.39308446596066154, 0.3974791701727857, 0.3922837183034668, 0.39664839608594776, 0.3883267857600004, 0.3848267831296349, 0.3962070596559594, 0.39392963691304134, 0.3965251357915501], "Laplacian_spectrum_distance": [87.33158814790609, 76.73149273934563, 93.77131579139346, 87.02042729958116, 85.01083278058408, 86.39306536959063, 100.16460803626055, 88.14138211425846, 94.09622754297659, 97.48232242188983, 96.62793974900235, 103.69848986093223, 97.20005713519328, 87.49938855931812, 98.27184983289216, 98.94409532463135, 88.6223130545082, 92.72036319913123, 88.56873353554622, 98.08424852611874], "Centrality_distance": [0.4905260315235723, 0.4412328330861942, 0.46782436096387914, 0.4638534523824175, 0.4775059681531144, 0.4712620627281572, 0.4567471347184957, 0.48051158979521136, 0.47551554243816363, 0.48181605042882236, 0.4830208429491658, 0.5163231631280487, 0.49761673582706767, 0.49178001467286436, 0.49080979970729754, 0.4829361036763554, 0.49809507076275117, 0.48006708980615864, 0.4710946769671289, 0.4978601395786827], "Density_distance": [0.3975741236414861, 0.35740450430427106, 0.3860801197240551, 0.3975160433337285, 0.36341605907879754, 0.3652128015555067, 0.38575369110841673, 0.3815170814539053, 0.37509481635698805, 0.3982348928839551, 0.3843643087200357, 0.3882720067160077, 0.38437901049439605, 0.3794153455840982, 0.38122688230181756, 0.38434934756527783, 0.3886776262346038, 0.3948729667224686, 0.389436525251753, 0.39021285502401837], "Degree_distance": [9.16330712756458, 7.312153461859719, 9.809805781580447, 10.027156267375071, 9.075088786648942, 6.798754590729395, 8.63784784736231, 10.217598005145705, 7.95256895707848, 9.785042789649154, 8.19653217938052, 10.748839638537255, 8.674602785129425, 8.609732549167214, 9.704904052148507, 8.702709663454826, 9.590255928308958, 9.101607906469633, 11.870765695562643, 10.757568697411257]}