{"Frobenius_distance": [0.7926264444986979, 0.8080931742986044, 0.8328495184580484, 0.8320186376571657, 0.7627493580182394, 0.761975246667862, 0.8340895553429921, 1.1611190120379131, 0.8263502538204193, 0.8777819673220315, 1.1781781276067098, 0.6225848078727723, 0.8531226396560669, 0.855456288655599, 0.9620852967103324, 0.7816503365834554, 0.8374828616778056, 0.8596111238002777, 0.8106480836868286, 0.9739830255508424], "JSD": [0.10744404445091883, 0.13963191931446395, 0.15485287128637232, 0.11149916723370551, 0.11962678506970406, 0.0887678049504757, 0.12034495150049528, 0.14245697458585102, 0.12750033376117548, 0.1915217384696007, 0.13080040886998176, 0.12086747897168, 0.13621970663468042, 0.11159631361564, 0.11447595904270808, 0.12004546100894611, 0.10392491854727268, 0.12222726754844189, 0.08130131301780542, 0.14712798629576962], "Laplacian_spectrum_distance": [8.36240467233727, 22.650414603782533, 19.94156620557866, 20.645366987636535, 16.180531557985617, 13.27005483462896, 12.807910386410192, 6.297271507502286, 22.13735797237282, 14.969244813487784, 11.210280335125058, 10.821436369575345, 20.01980424581928, 7.6553020834781815, 11.791842713219516, 11.967611880128905, 12.166976406008722, 3.9946924778413813, 3.01573852499599, 16.483881999016038], "Centrality_distance": [0.2197239656525565, 0.22894201154938654, 0.21138712211300037, 0.16895579112190304, 0.18945800134148136, 0.18867106752975782, 0.1807280561359312, 0.2208843778368966, 0.2249133583828828, 0.3009618989730306, 0.19052805323675823, 0.20263430224419443, 0.17004712928778526, 0.18743456037363113, 0.17020659133906668, 0.20247163858172942, 0.2004544258050876, 0.22406323747704548, 0.21291051028215263, 0.24192164080822082], "Density_distance": [0.1116594468530743, 0.18983509799356385, 0.1535623816411293, 0.1698666508486243, 0.12864454955438062, 0.12928246726040843, 0.13270531084454235, 0.14211131847741756, 0.18344476620049488, 0.16246419802534354, 0.11784633245733815, 0.12161020742750003, 0.18102042927869355, 0.10548934926492473, 0.11685179533376877, 0.11838225925631049, 0.1144583987065012, 0.08471371357400767, 0.09050460160754278, 0.16398553403658644], "Degree_distance": [1.87074663902361, 1.9752216643730711, 2.5885244120347704, 3.0047605762414378, 2.4932445881214518, 3.155851753858033, 2.425286283780328, 1.810835625068419, 2.7209812917597116, 2.200078699914666, 1.7780759771979266, 2.074480219440481, 2.9163640920034712, 1.7706790115657225, 2.2638039426294085, 2.175244557512178, 2.5280500445571894, 1.7751178391969518, 1.8353677714009091, 2.2661871356509717]}