{"Frobenius_distance": [3.179434256104897, 3.1123090652051815, 3.118788440477604, 3.1640459854129346, 3.114126402993676, 3.038793091865184, 3.161143991085358, 3.0368268041655635, 3.114161419868469, 3.0554556800695662, 3.0799483033877397, 3.0352654871830205, 3.040530948013499, 3.0327229564656446, 3.114106351755968, 3.037096965213822, 3.0500386070951517, 3.143351046234808, 3.1141611408521683, 3.260842810631594], "JSD": [0.37282360836935424, 0.36608864665925483, 0.37132845020841115, 0.37208471593125314, 0.36763887561206476, 0.3643285574645496, 0.3718920271656563, 0.36523855848699044, 0.36763893912235895, 0.36368678883952826, 0.3687085850901936, 0.36579148344502077, 0.3640872954867337, 0.3654577853051574, 0.3676403183991836, 0.3652380404963251, 0.36566563788293066, 0.368825844999089, 0.36602447901919005, 0.3794966873402823], "Laplacian_spectrum_distance": [6.53505423523761, 6.605364993728165, 6.546609614151068, 6.84786176218117, 6.553832166694147, 6.088471634408156, 6.654119228701227, 5.8877076923810545, 6.553832166694147, 6.137639642592126, 5.982453719986179, 5.873685839528722, 6.088471634408156, 5.862296702772976, 6.553832166694147, 5.8877076923810545, 6.031138678858904, 6.682539155999008, 6.605364993728165, 7.228301510939341], "Centrality_distance": [0.46582291655042063, 0.45510090471069065, 0.4642734508376399, 0.47006164031697617, 0.45707701472946755, 0.4455016179796479, 0.4643058818210124, 0.44371210802839456, 0.45707701472946755, 0.44529486501263693, 0.4504033894991722, 0.4411596423011124, 0.4455016179796479, 0.44558974673735785, 0.45707701472946755, 0.44371210802839456, 0.44656255000970074, 0.45877573786898573, 0.45510090471069065, 0.49179283948573327], "Density_distance": [0.33917317704082406, 0.34587490124254827, 0.452175117910412, 0.3948505552182023, 0.4010960580813522, 0.4116398443604326, 0.3934449591802533, 0.4137898471354354, 0.4010960580813522, 0.32114407651172355, 0.4252387454593337, 0.4096849936555819, 0.4116398443604326, 0.4110446062651945, 0.4010960580813522, 0.4137898471354354, 0.4014269322725205, 0.3514304567981038, 0.34587490124254827, 0.4869140472816944], "Degree_distance": [3.6601338767680702, 3.839697853847862, 3.7819022501145625, 3.804111067227102, 3.836657578267716, 3.739453060874655, 3.836657578267716, 3.623179805354347, 3.836657578267716, 3.6676181587066, 3.6129165762491304, 3.571018979604472, 3.739453060874655, 3.5857317696500752, 3.836657578267716, 3.623179805354347, 3.665778314137791, 3.8036049419673783, 3.839697853847862, 4.026925149580586]}