{"Frobenius_distance": [0.9796315332253773, 0.9891072352727255, 1.1256368954976401, 1.1064997295538586, 0.8358051220575968, 0.8924283663431805, 0.9114119946956636, 0.8450232148170471, 0.8356499910354616, 1.0884996732076009, 1.151988164583842, 0.758403766155243, 0.48700556755065927, 0.8206108331680297, 1.0551967362562815, 0.9988153119881948, 0.970084273815155, 0.8480771362781525, 1.1158294240633646, 0.906662725408872], "JSD": [0.16532846552630265, 0.2014021157597502, 0.17142603086928526, 0.16665336741134526, 0.19039319039632877, 0.1952815745025873, 0.2093222859005133, 0.19725538889567057, 0.2187684877309948, 0.1949151376262307, 0.18165824338793754, 0.16505024905006094, 0.1581467126806577, 0.20524093775699537, 0.1916228947540124, 0.1820806150014202, 0.16146504084269206, 0.21232202773292858, 0.17365351567665735, 0.15443392818172774], "Laplacian_spectrum_distance": [11.526114768389906, 23.53896087216571, 3.7466040551817974, 24.559968770806517, 25.19460399974367, 14.313939930195797, 14.27315626321371, 24.61631005139136, 22.99075857360136, 26.513284613050125, 12.536660929005155, 13.784591562757683, 20.204156717263576, 18.137732100764573, 19.72267720905933, 4.757365750250017, 5.735278483300485, 27.518547986634644, 2.630718787281169, 14.714008570122935], "Centrality_distance": [0.26462625973712584, 0.23320148822266387, 0.26539758691517473, 0.2857851972703638, 0.3042568252791573, 0.2369016261889625, 0.25456352087036377, 0.3149166081095914, 0.29524316443404924, 0.2715608172159319, 0.21847406490133486, 0.2474458633868268, 0.2515063544810806, 0.2634471878953467, 0.26891174040553656, 0.29790135369070686, 0.26574542834462295, 0.22336241168382392, 0.29105680232572195, 0.22413213942440474], "Density_distance": [0.14820241987115051, 0.21444227030188556, 0.13702151334504276, 0.18714470134555272, 0.19053458313420366, 0.13750390644273425, 0.12572587145209116, 0.2050793140814488, 0.17686946974353646, 0.23155401732904105, 0.1738139589169001, 0.1138770971871691, 0.13670135995542315, 0.17554276748936193, 0.19121184836317662, 0.1038095374124786, 0.06677634184987127, 0.1934165285147654, 0.10087706547265371, 0.1597485879865037], "Degree_distance": [2.0731485825995373, 2.5733570627717115, 2.063730494724093, 3.5685287945178077, 2.6901906012061367, 2.1388783592246288, 2.056483739643755, 2.4745681485579984, 3.479921211787589, 2.883657588650135, 2.128091813127817, 2.379922025121939, 3.051705020483115, 2.315837609034385, 3.213247476039152, 1.874807519961033, 2.1873805916281457, 2.6662680460361745, 1.8011628116598817, 2.648063877460265]}