{"Frobenius_distance": [3.076826902656224, 3.1207693289842915, 3.0575894883950236, 3.0002914121452102, 3.025159808683505, 3.02945322021842, 3.0094374075609567, 3.119627419182022, 3.1999946243519846, 3.0683975081182586, 3.098522290540071, 3.0750285357256266, 3.045543152668203, 3.0771141891993468, 3.145868556880669, 3.13778948575039, 3.02601614902773, 3.0723171874919597, 3.0818106422297813, 3.099553708895109], "JSD": [0.3709016872990285, 0.37205724854921673, 0.3715664484545641, 0.3703992844360016, 0.371668485607858, 0.3716213542233741, 0.37089442351789326, 0.3736172638505536, 0.3747778109736298, 0.37167494701583903, 0.37354515111149217, 0.37331870582463583, 0.3714486063790673, 0.371139956931656, 0.37264711397370837, 0.3745308556473902, 0.36965164563952196, 0.3722429038417658, 0.3727508853508387, 0.37315812846714685], "Laplacian_spectrum_distance": [8.639752143074276, 8.16503261059911, 7.581111298953733, 8.345740991447197, 7.9197887201468475, 7.93135786252507, 7.978592596952256, 8.24506526961469, 8.495045737465631, 8.624590838033086, 8.459218169588409, 8.041355938243184, 7.922820449614919, 8.437117900418345, 8.178286044781851, 9.227197795901619, 8.054187986625202, 7.933132469913803, 8.141099841620898, 7.984596943440071], "Centrality_distance": [0.46735563846840306, 0.46683504817483484, 0.4568684740016813, 0.45413421743861265, 0.45865517847755505, 0.46088582055442867, 0.4633710242997231, 0.45983983849066096, 0.4698982075134127, 0.4644118744189011, 0.4641964463409938, 0.4636579285644028, 0.4587407595753667, 0.46357333335205847, 0.4701968780222096, 0.4617679393968944, 0.4636501799318134, 0.4637359532689347, 0.46210704535979763, 0.4626788909845304], "Density_distance": [0.2153532007208478, 0.21397569070363187, 0.20588589923148742, 0.20807806844571547, 0.22052051162345282, 0.20873513333072158, 0.226195450791039, 0.198834857952505, 0.20212568749333454, 0.21217181103210514, 0.20444050230814936, 0.21233151380210205, 0.21671760157054276, 0.20635037484302188, 0.20126589913354614, 0.19914949701714407, 0.20316601426895547, 0.2154001690031102, 0.2115997210850152, 0.19288658373217193], "Degree_distance": [3.641326136685688, 3.4846199260878725, 2.9755608720391225, 2.80381143486482, 3.0979832871460875, 3.0165569003999675, 3.0672715227153837, 3.4589316620654094, 3.504579939154178, 3.1728102977584065, 3.228968772403495, 3.148356886526063, 3.240737510482547, 3.3436823120408894, 3.5560012603834856, 3.2400503955511297, 3.0692432557349427, 3.0508161578220836, 3.09681615549081, 3.013386567288558]}