{"Frobenius_distance": [2.1718587358792627, 2.4028997421264644, 2.781806409358978, 2.3604199826717376, 2.2298176407814028, 2.320274285475413, 2.344732266664505, 2.4928291320800784, 1.934747491280238, 2.8820185462633767, 2.28850976228714, 2.6034619271755215, 2.472305349508921, 2.3431749701499935, 2.3153237104415894, 2.6148857633272806, 1.760511344671249, 2.0449159274498623, 2.8455228249231976, 1.9410078664620716], "JSD": [0.4010485674565037, 0.40311971424768367, 0.39706326375404993, 0.3979924752221753, 0.4021477910534789, 0.4011764705840809, 0.3941384137608111, 0.40047103562392294, 0.38742700596339996, 0.41012116210379945, 0.40261776723588505, 0.39735167412242545, 0.40552644670630494, 0.4024388576236865, 0.40250546958607925, 0.39695324559385575, 0.3959011289834356, 0.3909785598157517, 0.40597677045346553, 0.39488430127191043], "Laplacian_spectrum_distance": [101.28513459678683, 102.87749941534518, 103.95902541329973, 102.09275007960989, 103.58660203038768, 89.71245374662834, 99.05087806149983, 102.95164844005424, 99.46319508043806, 108.8101670472984, 109.43560642859995, 98.44578552653438, 102.41363058444637, 111.66127194502516, 108.96826919144875, 104.56377870213778, 100.33087903615375, 107.92783976581289, 113.14119688389508, 105.36198213234535], "Centrality_distance": [0.5206090192245418, 0.515946879822366, 0.5176703108020348, 0.48064771071724355, 0.5108268165454735, 0.4898965712595758, 0.49680245241411786, 0.4786319261774622, 0.47020073356805353, 0.5203480838371022, 0.5216389439120208, 0.4959705683724346, 0.5222992313925187, 0.523335302193482, 0.5240724465044024, 0.48599508170851163, 0.5127665674537216, 0.49894665285926065, 0.5258504678666414, 0.5136661720005926], "Density_distance": [0.4177369612035927, 0.41128533126688616, 0.41227653320153157, 0.3900291338963322, 0.4086652833629697, 0.4075754481494564, 0.3840869631930144, 0.40749893988723496, 0.4025376992415859, 0.41902066837061747, 0.41200249520335674, 0.4153510144702316, 0.40954591787354355, 0.4176218225834025, 0.42778757512940047, 0.3924727278285379, 0.39779898243826206, 0.38601755205844035, 0.42883097748293825, 0.3997223886072403], "Degree_distance": [9.787514771321577, 10.503422754567932, 13.276399755916092, 12.400122089919336, 10.561829344740609, 8.841893062626442, 10.414382008592622, 11.514803815581734, 9.941251225599508, 12.983621210163104, 10.4967303365753, 13.32124711924953, 10.546473562493519, 11.308097719832913, 10.868251620709191, 11.330576063535549, 9.607994980671396, 10.201017787539673, 13.680884008865034, 10.548492194578174]}