{"Frobenius_distance": [1.02557088136673, 0.9532055079936981, 1.0899352471033732, 0.7712420662244159, 0.919925045967102, 0.9111638049284616, 1.0056427001953125, 1.022723642985026, 0.8548145214716594, 1.056218401590983, 0.639008609453837, 0.9283485631148021, 0.8538097500801087, 0.9543686886628469, 0.8935268223285675, 0.8447546839714051, 1.0257963220278423, 1.0542105336983998, 0.8815877676010133, 0.9764778951803843], "JSD": [0.1923373106246193, 0.11687819336851438, 0.12411622889339924, 0.10995826845367751, 0.0913967323799928, 0.10581267476081849, 0.14194791776438553, 0.11391730383038522, 0.122696985801061, 0.09658462132016818, 0.12552298655112584, 0.09535345758001008, 0.1374690009901921, 0.125962108373642, 0.14660115726292133, 0.11553666219115256, 0.1389836518714825, 0.12190293322006862, 0.09172820808986823, 0.17565429136157037], "Laplacian_spectrum_distance": [27.55140967634989, 2.759459213861513, 12.004673090531607, 3.571718160809021, 3.257610398823609, 3.4123608481258376, 16.557694379594057, 2.9462803295954796, 5.3737437002560675, 2.7869170621548047, 12.528559683210716, 10.389414217267786, 16.146870634844806, 10.721503152683965, 20.022688978612543, 9.661355585693817, 2.7219762058354693, 3.2722454152267786, 3.4601720380732193, 13.291258807345026], "Centrality_distance": [0.2933280014554042, 0.18317072677929727, 0.16778579422378728, 0.1786068756494439, 0.17382397853211837, 0.20035998072670363, 0.17317239980882876, 0.1837719106254483, 0.17414182391168087, 0.19989735727329583, 0.20616561026491803, 0.13127922319968025, 0.17759379777128723, 0.17187704190847392, 0.21872357196997969, 0.20626883906297963, 0.23018400622083862, 0.18739839048762175, 0.15472014852394203, 0.24547184360149535], "Density_distance": [0.19656796199297522, 0.06544642721113308, 0.12046576201225159, 0.05492903202462027, 0.0664091903681687, 0.08344525135740306, 0.1803796418009354, 0.07306987130516543, 0.1182415705209823, 0.09050576738076739, 0.143486110839052, 0.11885656892502733, 0.16457819704523557, 0.11636508596954845, 0.19459207178372262, 0.1361805614501693, 0.06766208056649234, 0.08383939181733299, 0.0900587049116461, 0.12216174155453093], "Degree_distance": [2.412025138253915, 1.5739549075385906, 1.9898728657768623, 1.9473650285880781, 1.3048721078027907, 1.7699125875854653, 2.920291076423541, 1.2941452755661293, 1.618505670879332, 1.8128118318688333, 2.1635065470435917, 1.96393372012543, 1.8662238400397033, 1.9941027444090793, 3.4794482615265974, 2.0241953019811167, 1.9073096656923139, 1.8917451982005251, 1.8376370820853702, 2.1092999459385284]}