{"Frobenius_distance": [2.486959571524831, 2.704140767747471, 2.6163271939259065, 2.6206818969146757, 2.477250441519395, 2.633442909186166, 2.5682061561717897, 2.5440546818169807, 2.3465619707854106, 2.6759639558842134, 2.8350304735552827, 2.7692375849359574, 2.43154441340304, 2.369031818041259, 2.7356222161213726, 2.838953381301652, 2.573932244389732, 2.40913359481962, 2.16736275176451, 2.6879131020741465], "JSD": [0.3061620459093381, 0.32895140630852926, 0.3093308241455554, 0.32491797829384145, 0.30830681890863687, 0.31844175516172896, 0.3238904219251849, 0.3116389529533929, 0.30142513963141554, 0.32645755609715954, 0.3268464182984245, 0.3468365979090216, 0.2960222093057277, 0.3219778744044001, 0.32443257714450285, 0.33335236068525653, 0.309128278016747, 0.3222562647320952, 0.2955945736835233, 0.32989974862160537], "Laplacian_spectrum_distance": [4.255853701687172, 4.4422707604497145, 4.824323817761734, 4.783422304995381, 4.614734963045264, 4.101575320868129, 4.315056333608496, 4.009674715624127, 4.094732963685107, 5.1205610279245075, 4.946541573426639, 5.2571375204818835, 4.354656704922319, 6.296443246827889, 4.448988777666985, 4.312654098999128, 5.09450009739477, 4.311428998976601, 4.690478333191052, 4.420085685625427], "Centrality_distance": [0.396361699768224, 0.4081720484137276, 0.39864041991899646, 0.4511247233875986, 0.3820727296810924, 0.4292403787986271, 0.384501460634724, 0.4055718748423419, 0.3631601656240277, 0.4353922866535244, 0.402080576879472, 0.44080811880316134, 0.40043364088669436, 0.4119941173818672, 0.43145803788134374, 0.3778388869497113, 0.40545019838583796, 0.4002543710458704, 0.3928069284398096, 0.40726187223993776], "Density_distance": [0.21452081687375804, 0.1932877199053669, 0.22385570720129544, 0.19904445364004186, 0.21181742141300963, 0.17751689486983602, 0.21459359132153247, 0.2101633333986275, 0.1782892461568932, 0.16414341513606218, 0.21378485077014486, 0.18748283035047741, 0.2145573652926594, 0.13457025681290385, 0.1967357547136959, 0.1858792854748737, 0.2264450622906505, 0.16254036540801245, 0.1575407014009955, 0.19901272474801884], "Degree_distance": [2.467233164593897, 2.4866972211638547, 2.5977220054966805, 2.790636666557391, 2.4634506810586254, 2.5592096372915147, 2.3990770191546122, 2.494918980325974, 2.3670250933965233, 2.5514335434836903, 3.0169871774194035, 2.6653715524546104, 2.59918040010117, 2.528424559217915, 2.654235304735365, 2.7032399571809576, 2.7975788955767813, 2.500817373792557, 2.417278838996394, 2.5633685604171177]}