{"Frobenius_distance": [1.650836529334386, 1.6052263458569844, 1.976691520214081, 2.0867209345102307, 1.61695689757665, 1.9988945027192433, 1.8417598982652028, 1.8683573246002196, 2.071791460116704, 1.7313506305217743, 1.3281893094380697, 2.0094284415245056, 1.2447286963462831, 2.023828413089116, 1.7793028910954791, 1.8533188581466675, 1.7835059344768522, 1.5649179041385652, 1.5814122458299003, 1.6828348696231843], "JSD": [0.361307364081343, 0.3938724526825051, 0.37729823488431674, 0.38704573456197977, 0.3739517733454704, 0.3931196447617064, 0.3923439200191448, 0.39684150062190987, 0.3807190797136476, 0.3809089903098842, 0.37881756379889947, 0.38186289882287383, 0.36562982061877847, 0.39281717776320874, 0.389919782243669, 0.3672458731181299, 0.3802902839845046, 0.36630136797515056, 0.38112053467581675, 0.37725312265877925], "Laplacian_spectrum_distance": [81.6152354330807, 103.03349628919024, 99.47216340621716, 90.63303279801667, 92.94824610012672, 94.83621866308577, 97.52238365212037, 105.36224681327681, 94.62655883691482, 87.14903891058, 91.60935323414871, 104.26513024186873, 67.94349961236396, 96.34854093958617, 90.1735956577284, 90.47580617431538, 91.31472233936421, 79.5128727871865, 84.89947113746757, 85.99499342191038], "Centrality_distance": [0.4552736508266151, 0.4811154956819062, 0.4809927536892676, 0.4895267163083579, 0.48953831983862794, 0.48793318550292897, 0.483354312559539, 0.4713057819806169, 0.4888937094955231, 0.4779045308649143, 0.4739866440370014, 0.47642905182289746, 0.4109717118813454, 0.4877891106960199, 0.48061416621704567, 0.4284595110723308, 0.43092993284222214, 0.44592447714155903, 0.4867005936879908, 0.46434566853099957], "Density_distance": [0.3731468944737091, 0.3850054555695258, 0.38932992823921275, 0.3866957171662745, 0.38251507260756445, 0.3957341718445595, 0.3858996287593308, 0.4060243004238123, 0.39585120461009937, 0.40641184221468135, 0.38960196637958, 0.38711946117995566, 0.35041417015096543, 0.39885253334006254, 0.37838891521776186, 0.39718427288758773, 0.38965581251461695, 0.37464598924167114, 0.3864975389131723, 0.3812616061360923], "Degree_distance": [8.156195790487121, 9.013656638615895, 10.15234504202556, 9.310989349714324, 8.546164613444141, 9.179199185196536, 8.804355655471701, 10.385530429542072, 9.26640195288239, 9.624402162197583, 10.347920601476508, 10.283371434660237, 6.549800275611454, 10.552682064368947, 7.5477366527926595, 12.502804187693613, 8.440027370392764, 8.768963017899582, 8.856488078744535, 7.788518595411177]}