{"Frobenius_distance": [3.16059488953308, 3.1592684225731977, 3.2151043943834328, 3.1867031341056267, 3.1577958463051976, 3.142308256505199, 3.217228874296395, 3.138941507641082, 3.165049538900517, 3.191045146317304, 3.1864020569942815, 3.1877238078696593, 3.182362716564861, 3.159386441549118, 3.15482994330174, 3.213129764319785, 3.222295059008448, 3.1474084823635815, 3.164574635751883, 3.150321355689168], "JSD": [0.3630719776128643, 0.3650681903464366, 0.368008641255225, 0.3654628370433399, 0.363738867316724, 0.3644158719114248, 0.36863072660837604, 0.36397526386601303, 0.3638949283005928, 0.36709545627204854, 0.36623953814976934, 0.3680431779284509, 0.36480184646579517, 0.36359361360219017, 0.36446990001720236, 0.36849089236989396, 0.36845520437032775, 0.36342387943533605, 0.36379262186303224, 0.36356270822160164], "Centrality_distance": [0.4509090085786447, 0.4568371776363687, 0.47661272651685177, 0.46281785330273334, 0.45612080988325693, 0.45451888144791347, 0.4807339816322857, 0.44214045107652006, 0.45612080988325693, 0.4571637555927341, 0.46281785330273334, 0.47287723961910183, 0.4598670727434208, 0.4538597891379572, 0.4502992067193589, 0.4649225933314438, 0.4649225933314438, 0.4538597891379572, 0.45612080988325693, 0.4441535887170531], "Density_distance": [0.3310382564059034, 0.25326325363090063, 0.37764637051401756, 0.40228653427182837, 0.4264292216498099, 0.41843270427829254, 0.401596586964234, 0.3144196897873368, 0.4264292216498099, 0.40784208982738396, 0.40228653427182837, 0.39742992029756735, 0.3542082345758816, 0.4110446062651945, 0.2494140472816943, 0.3993973401326342, 0.3993973401326342, 0.4110446062651945, 0.4264292216498099, 0.32956519243283944], "Degree_distance": [3.5099584987893087, 3.670893641318629, 3.686641349183422, 3.654638777747051, 3.562637526135714, 3.461321386797303, 3.9128376674942116, 3.2867842734200927, 3.562637526135714, 3.654638777747051, 3.654638777747051, 3.7843197755793554, 3.6376448066229075, 3.538506911975671, 3.704037097644198, 3.6818975598183616, 3.6818975598183616, 3.538506911975671, 3.562637526135714, 3.4432918321226422], "MMD": [52.04340362548828, 60.18825149536133, 48.48960494995117, 48.07184600830078, 46.39175796508789, 44.505836486816406, 49.20217514038086, 52.89604568481445, 46.391754150390625, 48.547420501708984, 48.07184600830078, 50.112403869628906, 50.52602767944336, 47.135040283203125, 62.533138275146484, 47.2171630859375, 47.217159271240234, 47.13504409790039, 46.39175796508789, 53.22410202026367], "KID": [4.189181804656982, 5.3443989753723145, 3.757664680480957, 3.7131991386413574, 3.572032928466797, 3.3677978515625, 3.8366289138793945, 4.322384834289551, 3.572032928466797, 3.7781143188476562, 3.7131991386413574, 3.9573235511779785, 3.9952902793884277, 3.624999523162842, 5.68710470199585, 3.6165170669555664, 3.6165170669555664, 3.625, 3.572032928466797, 4.354489326477051], "FID": [81.3752670421547, 86.68003306979364, 76.20962752507847, 80.07635214644326, 82.58960608171382, 75.41829440715408, 80.01855248294319, 79.36948532458129, 82.5896022615563, 80.14298510913629, 80.07635211129133, 80.48294336990153, 80.48052824705229, 80.83987117721617, 91.46343781894828, 75.9111669457595, 75.91116254778768, 80.83987506902841, 82.58960607936355, 82.37268633273602], "Precision": [0.35, 0.6, 0.3, 0.2, 0.1, 0.2, 0.25, 0.45, 0.1, 0.25, 0.2, 0.3, 0.3, 0.15, 0.6, 0.25, 0.25, 0.15, 0.1, 0.4], "Recall": [0.0, 0.0, 0.0, 0.0, 0.0, 0.0, 0.0, 0.0, 0.0, 0.0, 0.0, 0.0, 0.0, 0.0, 0.0, 0.0, 0.0, 0.0, 0.0, 0.0], "Density": [0.13999999999999999, 0.24, 0.12, 0.08000000000000002, 0.04000000000000001, 0.08000000000000002, 0.1, 0.17, 0.04000000000000001, 0.09000000000000001, 0.08000000000000002, 0.11000000000000001, 0.12, 0.06, 0.24, 0.1, 0.1, 0.06, 0.04000000000000001, 0.15000000000000002], "Coverage": [0.1, 0.1, 0.1, 0.1, 0.1, 0.15, 0.1, 0.1, 0.1, 0.1, 0.1, 0.1, 0.1, 0.1, 0.1, 0.1, 0.1, 0.1, 0.1, 0.1], "F1_PR": [1.9999428604079768e-05, 1.9999666677777412e-05, 1.9999333377774818e-05, 1.9999000099990003e-05, 1.9998000399920017e-05, 1.9999000099990003e-05, 1.999920006399488e-05, 1.9999555575307767e-05, 1.9998000399920017e-05, 1.999920006399488e-05, 1.9999000099990003e-05, 1.9999333377774818e-05, 1.9999333377774818e-05, 1.9998666844420748e-05, 1.9999666677777412e-05, 1.999920006399488e-05, 1.999920006399488e-05, 1.9998666844420748e-05, 1.9998000399920017e-05, 1.999950002499875e-05]}