{"Frobenius_distance": [1.5317022264003752, 2.0064635286728545, 1.7781014760335285, 1.6522493481636045, 1.8640219191710155, 1.4412987550099692, 1.495433270931244, 1.8956541379292804, 2.0202405651410418, 1.6747834444046021, 1.839761191606522, 1.9116662581761679, 2.1610511442025504, 1.8532863557338715, 1.6966174721717837, 1.6088789482911428, 1.8376660426457723, 2.2516645789146423, 1.9439501802126564, 2.3150320887565607], "JSD": [0.36472059528653816, 0.37919498328119516, 0.3905145965050906, 0.38707491761694346, 0.390725202144434, 0.37512818030081685, 0.38127721982697643, 0.3802823104895652, 0.3902333702115963, 0.3764372636564076, 0.3825854984267304, 0.38958757979174446, 0.395376790772813, 0.38725590010484057, 0.38501125017646703, 0.3810315418678025, 0.39166521811857813, 0.39477078251851105, 0.3888675257563591, 0.3681281668677305], "Centrality_distance": [0.49463697978555066, 0.451090971954925, 0.49348918878287773, 0.48812352775086554, 0.4989314549681729, 0.4774920812978487, 0.4806186498156796, 0.49265849624151126, 0.5189052019250052, 0.44510544028122684, 0.4749122007163554, 0.5007939130551928, 0.49689441929330136, 0.5027577412080108, 0.4990327381156325, 0.49469684690733995, 0.4865501751805986, 0.5124565839098031, 0.5115868817588812, 0.42713781502706727], "Density_distance": [0.38932188584070637, 0.369909587468633, 0.3718853352592983, 0.3738756612864289, 0.38171994989183144, 0.38015498516396606, 0.36441105155370324, 0.40274784231979044, 0.40610096475805846, 0.34321260582922564, 0.35863653623857716, 0.3920029358472539, 0.41218526816320933, 0.3998373599226491, 0.4007271766012892, 0.3886700661358796, 0.38562535509762863, 0.41856614301425327, 0.41598008919817875, 0.3897119432326209], "Degree_distance": [7.780770338104645, 9.869045036717658, 8.665652765889956, 8.81096061735909, 7.7220575095202175, 7.22781819842943, 7.620212709005454, 8.570745624879486, 9.086684801811895, 8.221456043609003, 8.199135084238348, 8.855349399615207, 10.601991705648961, 8.886265288603228, 7.78087804004743, 8.611723670579694, 10.000150335722036, 9.506691692241262, 9.783989055764362, 9.916008075912192], "MMD": [1651378304.0, 2127550208.0, 1904902144.0, 1315686784.0, 2231515136.0, 1933028480.0, 1467679104.0, 1899634688.0, 2605468672.0, 1173978112.0, 1523411456.0, 1958521728.0, 2864858880.0, 2856595968.0, 2178578432.0, 2338271232.0, 2737265408.0, 2711179264.0, 2379133184.0, 2151798016.0], "KID": [1.2822310188357298e+23, 2.1619076048349627e+23, 1.992194316765103e+23, 9.401030034955287e+22, 1.6803085133546502e+23, 1.586969969925516e+23, 1.4308355751641337e+23, 1.3712793431878384e+23, 2.293968818436169e+23, 8.37246462541917e+22, 1.3199666801134672e+23, 1.76183087236946e+23, 2.9777761104497e+23, 2.3228783251641856e+23, 1.6582720400899562e+23, 1.9700753375552357e+23, 2.477869526196156e+23, 2.0288530772999437e+23, 2.0132799900764667e+23, 2.1697018946380603e+23], "FID": [2927808860.809398, 3584892308.521543, 3428564554.619236, 2531299660.6287503, 3335371918.215514, 3237798528.8660417, 2970462749.0178285, 3093013104.674818, 3757667160.713544, 2400642357.9600344, 2899009758.781209, 3298258796.634711, 4176411846.8557744, 3872462995.1526537, 3358486759.043009, 3552950002.836438, 3921768989.12297, 3678127635.147619, 3565758965.249162, 3620060084.580654], "Precision": [0.05, 0.1, 0.05, 0.1, 0.05, 0.05, 0.1, 0.05, 0.0, 0.05, 0.1, 0.1, 0.05, 0.1, 0.1, 0.0, 0.05, 0.05, 0.05, 0.1], "Recall": [1.0, 1.0, 1.0, 1.0, 1.0, 1.0, 1.0, 1.0, 1.0, 1.0, 1.0, 1.0, 1.0, 1.0, 1.0, 1.0, 1.0, 1.0, 1.0, 1.0], "Density": [0.020000000000000004, 0.020000000000000004, 0.010000000000000002, 0.020000000000000004, 0.010000000000000002, 0.020000000000000004, 0.03, 0.020000000000000004, 0.0, 0.010000000000000002, 0.020000000000000004, 0.020000000000000004, 0.020000000000000004, 0.020000000000000004, 0.04000000000000001, 0.0, 0.010000000000000002, 0.020000000000000004, 0.010000000000000002, 0.020000000000000004], "Coverage": [0.1, 0.05, 0.05, 0.1, 0.05, 0.1, 0.1, 0.1, 0.0, 0.05, 0.1, 0.1, 0.1, 0.05, 0.1, 0.0, 0.05, 0.1, 0.05, 0.05], "F1_PR": [0.09525628102321862, 0.1818348759113471, 0.09525628102321862, 0.1818348759113471, 0.09525628102321862, 0.09525628102321862, 0.1818348759113471, 0.09525628102321862, 1.9999800003999925e-05, 0.09525628102321862, 0.1818348759113471, 0.1818348759113471, 0.09525628102321862, 0.1818348759113471, 0.1818348759113471, 1.9999800003999925e-05, 0.09525628102321862, 0.09525628102321862, 0.09525628102321862, 0.1818348759113471]}