{"Frobenius_distance": [0.7781738420327504, 1.1394798159599304, 0.7077342112859091, 0.7148403505484264, 0.7670758187770843, 0.9561785916487375, 0.8300012151400249, 0.7328693787256877, 0.7881921569506327, 0.9454268236955008, 0.8796801646550496, 0.8689464588960012, 0.7302663683891295, 0.9838527778784434, 0.6795611917972565, 0.8524111449718474, 1.0817186852296194, 0.7044923464457193, 0.9787686586380004, 0.678655234972636], "JSD": [0.11700659270087879, 0.10840840538342794, 0.11994109017153581, 0.18281998243182895, 0.11479762122035027, 0.12831202236314615, 0.15831749327480793, 0.13875021133571863, 0.12280507559577625, 0.15887327591578165, 0.1540316044042508, 0.12453920692205432, 0.13238209312160812, 0.15988121206561723, 0.14002254307270048, 0.16461782790720464, 0.11911865621805191, 0.14930247366428376, 0.1613702659805616, 0.12829133073488871], "Centrality_distance": [0.23061347758790396, 0.2093795982973452, 0.19450433554823612, 0.2121470576024851, 0.16911783140005676, 0.18460881569049348, 0.24583455354337316, 0.21160716691501744, 0.2042770933633453, 0.2273876120982411, 0.18432861335561065, 0.18038092249845467, 0.1933763358577635, 0.2663159603527467, 0.19009917442925095, 0.1858525462226182, 0.17710683213076062, 0.25618475664538715, 0.20337275653487574, 0.2509055002769368], "Density_distance": [0.08990756656197833, 0.08803647877177288, 0.11188592861386978, 0.12829027766656764, 0.15585702695996814, 0.11952834338863752, 0.12382377154435978, 0.21478877672146007, 0.1227134113163525, 0.12110914963662642, 0.13628290509417962, 0.16961173819855035, 0.17210643316905178, 0.14274174555521307, 0.17154054744187575, 0.16483111503362408, 0.14987136909931026, 0.07289656836012334, 0.10564084254525433, 0.0800396607749549], "Degree_distance": [1.6583869530368376, 1.6561666702461717, 1.592306062573346, 1.8710768276083272, 1.875393334794504, 1.6818121844575438, 1.6695919483506088, 2.749699408678796, 1.9015095717961887, 1.7027338753302548, 1.9637600210420945, 2.095590178503935, 2.4609568944359435, 2.0408607169842083, 2.1793104914267762, 2.468177331578255, 1.450426177182448, 1.6009625762636146, 1.6869296071954731, 1.810496559158095], "MMD": [413.9430847167969, 79.08525848388672, 6693.61572265625, 95770.4609375, 2348801.5, 403.163330078125, 417016.625, 39061156.0, 9601.49609375, 369107.71875, 1955032.25, 12344278.0, 18860052.0, 123503.8203125, 17775912.0, 120947.0703125, 4747.4697265625, 4925.5380859375, 2708888.0, 775.4840698242188], "KID": [28601.04296875, 421.9232177734375, 51991228.0, 77770407936.0, 1.5314970332259942e+17, 89453.15625, 138842456064.0, 2.5478541386583533e+20, 502417728.0, 109914742784.0, 2002545950064640.0, -10784534528.0, 1.5613742688459817e+18, 106510073856.0, 1.471302248810781e+19, 8606502617088.0, 21040986.0, 104244032.0, 4443397423104.0, 343864.90625], "FID": [1338.8325930686974, 414.51464361762555, 87058.11633871609, 1325875.8059837853, 26260530.364186775, 1815.4086708428833, 7999310.664598311, 329739133.51052225, 125645.06524931408, 7215507.9350294, 34345161.093731366, 258032310.15898415, 339999041.27695173, 2114372.6352551333, 266850285.63817912, 1244114.4741963919, 65588.9979966935, 21932.177714122878, 54999837.75441535, 2971.664600099416], "Precision": [0.7, 0.75, 0.75, 0.45, 0.7, 0.75, 0.5, 0.45, 0.55, 0.7, 0.65, 0.7, 0.55, 0.5, 0.6, 0.6, 0.65, 0.6, 0.65, 0.7], "Recall": [1.0, 0.85, 1.0, 1.0, 0.95, 1.0, 0.95, 1.0, 1.0, 0.9, 1.0, 0.7, 1.0, 0.95, 0.95, 1.0, 1.0, 0.9, 0.7, 0.95], "Density": [0.4, 0.48, 0.34, 0.22000000000000003, 0.39, 0.25, 0.21000000000000002, 0.21000000000000002, 0.37000000000000005, 0.35000000000000003, 0.24, 0.22999999999999998, 0.30000000000000004, 0.22999999999999998, 0.30000000000000004, 0.25, 0.34, 0.19, 0.27999999999999997, 0.31000000000000005], "Coverage": [0.75, 0.85, 0.5, 0.5, 0.7, 0.55, 0.45, 0.6, 0.8, 0.65, 0.4, 0.25, 0.8, 0.6, 0.7, 0.4, 0.75, 0.25, 0.45, 0.45], "F1_PR": [0.8235397231797272, 0.7968850390620117, 0.8571530612221574, 0.620701093915946, 0.8060708356262347, 0.8571530612221574, 0.6551833769189389, 0.620701093915946, 0.7096882622159714, 0.7875101562480469, 0.7878892378274203, 0.7000099999999999, 0.7096882622159714, 0.6551833769189389, 0.7354943808466987, 0.7500106249921876, 0.7878892378274203, 0.7200103999946668, 0.6740840877912918, 0.8060708356262347]}