{"Frobenius_distance": [0.6728921919161384, 0.7257504629450648, 0.6852987422217397, 0.6691988629638833, 0.7293257896324351, 0.6948008338313514, 0.6892602574999668, 0.7019561248184771, 0.6736030532829197, 0.7175056000977262, 0.7253769802724391, 0.7024185844273572, 0.6619805098674469, 0.7218503726315284, 0.6733809595125841, 0.6698313184868611, 0.6401450136462514, 0.6597141820361152, 0.6975703089214209, 0.6515311663502517], "JSD": [0.24300742471394113, 0.24388320716821155, 0.23349001643349646, 0.24333129499842104, 0.2515997320651855, 0.249608163658264, 0.24762730672077232, 0.24353525273964488, 0.256706288408684, 0.26002351463986273, 0.24617343146636284, 0.24930583127785022, 0.2521902324854713, 0.24583816170224898, 0.2377005047053841, 0.24737786201045953, 0.2547600810661555, 0.23396249068795144, 0.2413350064012083, 0.24775273478101534], "Centrality_distance": [0.3618995336177, 0.3602281160049657, 0.34569711303374157, 0.356983981943686, 0.38240530282939356, 0.378987587825378, 0.36322160106223184, 0.36214620470516146, 0.3706496217593944, 0.37218908114895444, 0.3701974902175694, 0.37388039381774596, 0.3628314822165343, 0.36893610967902524, 0.35013042170743447, 0.3743881102742672, 0.3770745907192271, 0.35756701047814715, 0.35224275100734814, 0.3590814600919714], "Density_distance": [0.3253964676640452, 0.3204378707557871, 0.31414004397971296, 0.3140082029372865, 0.32921191164433106, 0.3277382973574873, 0.32624513022198404, 0.3212408199749185, 0.3196319336510689, 0.3379246512965166, 0.3223986421566489, 0.32624066412386626, 0.32735686328728214, 0.3259710394819073, 0.3122482384644117, 0.32563291426052415, 0.32311361797139687, 0.31072872334312723, 0.3094107478573361, 0.31681343113541155], "Degree_distance": [3.9743083524892118, 3.9413043699055237, 3.456375330158302, 3.151996697977733, 4.229206155252612, 3.903751653245386, 3.3971011867489196, 3.710263557693965, 3.6175743536026825, 4.088322181258265, 4.074825567055425, 3.5944369546471755, 3.4218631426329416, 4.033235197047815, 3.311756188176897, 3.7216802859986906, 3.4539565135975847, 3.3795197706936246, 3.3672382014902054, 3.482306446011085], "MMD": [2662651136.0, 1909817728.0, 992194112.0, 728504640.0, 3828835328.0, 2191499520.0, 758806848.0, 1101990656.0, 1404783232.0, 2808299776.0, 2978074624.0, 2088294144.0, 1164741632.0, 3184673280.0, 1043689024.0, 1414977280.0, 1744310144.0, 1150114688.0, 984601728.0, 1079289600.0], "KID": [2.4775818276050484e+26, 1.8644364042971202e+26, 7.103929687157102e+25, 5.910055027200814e+25, 3.8849580888995264e+26, 2.1970542583761956e+26, 6.4346702829478735e+25, 9.307172828170027e+25, 1.3237282090201569e+26, 2.852586979151575e+26, 2.809321801133656e+26, 1.5549697674328726e+26, 7.7369998076739255e+25, 3.341020053202697e+26, 7.958149521338796e+25, 1.34529162273884e+26, 1.4803976977102573e+26, 1.0476928831418542e+26, 9.032424254924586e+25, 9.065674511117448e+25], "FID": [22026688313.01133, 18912779067.85388, 12596856802.089539, 11202395231.599203, 26915268983.085213, 20367788674.874065, 11574875592.003141, 13872862426.187166, 16117438135.523033, 23138014735.55882, 23285638318.493404, 18379134405.48963, 13367084273.710508, 24858044358.433495, 13196246335.541412, 16199621003.184072, 17385350980.177273, 14504766926.084042, 13425082509.576704, 13715887709.374933], "Precision": [0.028169014084507043, 0.007042253521126761, 0.014084507042253521, 0.02112676056338028, 0.035211267605633804, 0.0, 0.02112676056338028, 0.035211267605633804, 0.0, 0.007042253521126761, 0.028169014084507043, 0.014084507042253521, 0.035211267605633804, 0.02112676056338028, 0.02112676056338028, 0.035211267605633804, 0.028169014084507043, 0.02112676056338028, 0.02112676056338028, 0.035211267605633804], "Recall": [0.8802816901408451, 1.0, 1.0, 1.0, 1.0, 1.0, 1.0, 0.9929577464788732, 0.3591549295774648, 1.0, 0.9929577464788732, 1.0, 0.9929577464788732, 1.0, 1.0, 0.9929577464788732, 1.0, 1.0, 1.0, 1.0], "Density": [0.02112676056338028, 0.0014084507042253522, 0.014084507042253523, 0.007042253521126762, 0.023943661971830985, 0.0, 0.009859154929577466, 0.011267605633802818, 0.0, 0.004225352112676057, 0.009859154929577466, 0.005633802816901409, 0.011267605633802818, 0.015492957746478873, 0.005633802816901409, 0.018309859154929577, 0.008450704225352114, 0.007042253521126762, 0.008450704225352114, 0.009859154929577466], "Coverage": [0.056338028169014086, 0.007042253521126761, 0.07042253521126761, 0.028169014084507043, 0.07746478873239436, 0.0, 0.04225352112676056, 0.035211267605633804, 0.0, 0.02112676056338028, 0.028169014084507043, 0.028169014084507043, 0.04225352112676056, 0.06338028169014084, 0.02112676056338028, 0.06338028169014084, 0.035211267605633804, 0.02112676056338028, 0.02112676056338028, 0.028169014084507043], "F1_PR": [0.054609910522332376, 0.014005736028739009, 0.027797229751857673, 0.0413984997011093, 0.06804589644934751, 1.9999800003999925e-05, 0.0413984997011093, 0.06802948143466753, 1.999944316826279e-05, 0.014005736028739009, 0.054802802484634, 0.027797229751857673, 0.06802948143466753, 0.0413984997011093, 0.0413984997011093, 0.06802948143466753, 0.05481345450814518, 0.0413984997011093, 0.0413984997011093, 0.06804589644934751]}