{"Frobenius_distance": [1.5274378640327706, 1.5141952350492913, 1.5628794961326453, 1.5660623681053993, 1.5418476920971522, 1.5111012525530927, 1.5366572688370004, 1.5594624832120363, 1.525150112298133, 1.5299529052018122, 1.5449763317149516, 1.5438072875423796, 1.5429333648185573, 1.5104979809071397, 1.5315396291115047, 1.6708501098942503, 1.5440560697632764, 1.5446522894438273, 1.5693555285862562, 1.5948227057393944], "JSD": [0.1745592229382387, 0.1761038099668302, 0.17925213093518738, 0.18100969388535612, 0.1781967678477974, 0.1752641922685024, 0.1772329134676541, 0.1799093809130093, 0.17732532495665032, 0.17730986223482867, 0.1794088114777789, 0.17894083254026869, 0.17792306938548266, 0.1771965976051194, 0.17669968046441234, 0.19188219857603664, 0.1805623567313994, 0.17721140657027307, 0.18121720934672667, 0.18229462767499363], "Centrality_distance": [0.2474212908957718, 0.2583237712607318, 0.2561494099477208, 0.26876949557821833, 0.25584965751683997, 0.24511945749515235, 0.24842372627373505, 0.25139923178026446, 0.23283069119924152, 0.24165074240520168, 0.26590929879044944, 0.263101425440776, 0.26805078811010535, 0.2462094051640002, 0.28069966476304453, 0.2644933491391681, 0.2629280982724089, 0.2770902225814085, 0.2575162204738356, 0.2765122885645091], "Density_distance": [0.07213941196784335, 0.06884128744306148, 0.08196460454163534, 0.07654459681653891, 0.0782149502294227, 0.06837654767510043, 0.0674988944036563, 0.07592199864492113, 0.0687713724875256, 0.06963798961698121, 0.06989806502761685, 0.07154233993519707, 0.07318766209755939, 0.06581514557821747, 0.07998581764571493, 0.08349633421528845, 0.07619749941762079, 0.07690261142875521, 0.0752921408138495, 0.0815238859508234], "Degree_distance": [1.052510497269695, 0.9781000008803264, 0.9833436533319965, 1.0933791378852262, 1.076987278228992, 0.943553741038059, 0.9834695169001706, 1.1261081608664971, 1.0422244712360351, 1.068736350728641, 1.0148039001341014, 1.053871702695155, 1.177671139092675, 0.8788979880734007, 0.9637982805564194, 1.0391317901309314, 1.1396266073939278, 1.0890078933455656, 1.0072318272900322, 1.0237266010712167], "MMD": [97.25739288330078, 91.21633911132812, 108.9538345336914, 89.40536499023438, 98.36400604248047, 83.74844360351562, 61.85905456542969, 85.8305892944336, 92.0878677368164, 93.64131927490234, 141.60671997070312, 118.80705261230469, 107.84537506103516, 98.45575714111328, 102.60893249511719, 87.19916534423828, 123.63381958007812, 82.0126953125, 99.5045394897461, 90.42713928222656], "KID": [329.03857421875, 513.8840942382812, 675.82470703125, 117.26398468017578, 83.535400390625, 53.35283279418945, 15.28307056427002, 54.50517272949219, 532.845458984375, 75.66027069091797, 2562.97509765625, 662.438720703125, 137.2236785888672, 608.741943359375, 189.9260711669922, 34.37363815307617, 1053.3692626953125, 61.40717315673828, 156.8262939453125, 81.30783081054688], "FID": [219.99144395139848, 252.97229737857649, 266.43777966482344, 165.31920280812716, 161.7353392272422, 133.8264422730016, 87.20949712636376, 137.82234630290966, 264.0190718024846, 150.02453741082644, 408.73491237509495, 288.335345213235, 185.80733222131042, 266.68061833564803, 193.45559432573208, 122.97992575105636, 320.0996780529841, 136.55712248963965, 183.36752723282183, 152.6954779642668], "Precision": [0.3873239436619718, 0.36619718309859156, 0.29577464788732394, 0.3873239436619718, 0.2676056338028169, 0.31690140845070425, 0.4014084507042254, 0.34507042253521125, 0.34507042253521125, 0.4084507042253521, 0.4014084507042254, 0.4014084507042254, 0.4225352112676056, 0.3873239436619718, 0.323943661971831, 0.36619718309859156, 0.30985915492957744, 0.36619718309859156, 0.3591549295774648, 0.3732394366197183], "Recall": [0.15492957746478872, 0.36619718309859156, 0.43661971830985913, 0.16901408450704225, 0.3028169014084507, 0.4014084507042254, 0.3732394366197183, 0.3591549295774648, 0.3380281690140845, 0.3873239436619718, 0.5, 0.33098591549295775, 0.4647887323943662, 0.18309859154929578, 0.6126760563380281, 0.5352112676056338, 0.4014084507042254, 0.29577464788732394, 0.28169014084507044, 0.323943661971831], "Density": [0.17887323943661973, 0.16338028169014085, 0.1647887323943662, 0.1563380281690141, 0.11830985915492959, 0.14084507042253522, 0.19577464788732396, 0.14929577464788732, 0.17605633802816903, 0.18732394366197183, 0.17605633802816903, 0.18309859154929578, 0.19859154929577466, 0.1971830985915493, 0.17183098591549295, 0.19014084507042253, 0.13239436619718312, 0.1535211267605634, 0.15211267605633805, 0.1732394366197183], "Coverage": [0.13380281690140844, 0.11971830985915492, 0.11971830985915492, 0.14788732394366197, 0.11267605633802817, 0.1267605633802817, 0.14084507042253522, 0.16901408450704225, 0.11267605633802817, 0.1267605633802817, 0.14084507042253522, 0.1267605633802817, 0.1267605633802817, 0.13380281690140844, 0.16901408450704225, 0.15492957746478872, 0.15492957746478872, 0.11267605633802817, 0.11267605633802817, 0.1267605633802817], "F1_PR": [0.22133980447379292, 0.36620718309859157, 0.35266475767804195, 0.23534760679710562, 0.284134538189553, 0.3541940654964144, 0.38682179299232533, 0.35198183498580193, 0.3415229965615469, 0.3976168872675123, 0.445322619626252, 0.36282157674345417, 0.44266595828890803, 0.24866369004867647, 0.4238169441456934, 0.43486950648427736, 0.3497521821205407, 0.327250149130406, 0.31575074354379695, 0.346858819377445]}