{"Frobenius_distance": [0.420962108305745, 0.4262478376822497, 0.4325147008732624, 0.4261018237071805, 0.41490730283195787, 0.3510199946812517, 0.3923287593609738, 0.4277288852322706, 0.39110885047853233, 0.41640615521136226, 0.42092651051596397, 0.41060092660670633, 0.4409464785921362, 0.39881901959559646, 0.41604786273886246, 0.4469970217605933, 0.39205823747532187, 0.45072960497395786, 0.46562119012230696, 0.4382327079364825], "JSD": [0.030375216709994247, 0.029332181723215035, 0.025286765972954105, 0.02853644355166897, 0.023569433763275405, 0.02528580427053856, 0.025234720655367672, 0.0350471761830121, 0.025784202019512707, 0.027923470417166883, 0.026924862044550642, 0.029004555846945057, 0.030469885733763524, 0.02298243981245482, 0.02706603234778154, 0.029179698737135863, 0.027677045147106574, 0.03234341148828518, 0.03300193475922839, 0.029441660516476505], "Centrality_distance": [0.15009404455717154, 0.20408859125025441, 0.18375016932084134, 0.19522505074781416, 0.18334013874124241, 0.18049497109261664, 0.1828359190221775, 0.21339114999342124, 0.19518041489856955, 0.18851415063481533, 0.16906065859439542, 0.1879096787864228, 0.18205517501547328, 0.194043779398111, 0.17370687172827093, 0.1977841292816276, 0.18202531475716893, 0.17022031012823244, 0.1931249746906388, 0.18687537376136384], "Density_distance": [0.03818442062139541, 0.03462269121582846, 0.05120981147358365, 0.04047295612538376, 0.0352245874176313, 0.029978752271002503, 0.030528454194420577, 0.02787817298204786, 0.031512114212861174, 0.041233086776971, 0.032911110960830846, 0.03220885138135371, 0.04301005401729024, 0.03495505816934388, 0.03500388746537206, 0.03593898035774786, 0.038859115302859466, 0.04541408240754646, 0.03379392368187886, 0.038980797533551964], "Degree_distance": [0.3596915569935181, 0.49477596825614073, 0.42075472349584897, 0.412152717247962, 0.4086694798525093, 0.368985665307164, 0.35706769456115967, 0.41033495496048183, 0.517455744031663, 0.3597134371878058, 0.37728214860473713, 0.42101239561416876, 0.4149433837368407, 0.35773015673679975, 0.42749820514631615, 0.4248137657040182, 0.3265740149409248, 0.42459760306493904, 0.4208407658182382, 0.4687920005407523], "MMD": [54.49711608886719, 49.460933685302734, 307.01141357421875, 80.8299331665039, 65.61802673339844, 23.569602966308594, 48.67845916748047, 27.53000259399414, 50.24916458129883, 151.2611846923828, 46.45524215698242, 30.321962356567383, 365.3720703125, 35.95694351196289, 90.65206146240234, 68.97135162353516, 78.98834991455078, 165.61508178710938, 29.06160545349121, 42.74332046508789], "KID": [30594.5546875, 12560.169921875, 20505014.0, 197558.75, 15079.4853515625, 420.2693176269531, 27967.326171875, 2378.871826171875, 21398.93359375, 2148652.25, 3685.228515625, 1651.5621337890625, 176793392.0, 9481.005859375, 1516694.0, 90408.4140625, 63993.0703125, 336834.75, 863.703369140625, 11310.3251953125], "FID": [711.9345951402167, 544.3815713676422, 6404.231926114372, 1834.0283850440653, 604.5837798969089, 194.58603333514245, 893.8790657704252, 449.12860479002563, 674.0449875411006, 3120.2528990137384, 369.9815275675224, 256.90436252461154, 13340.748388188968, 474.67028499419837, 2476.668857851635, 2862.282328347039, 1023.6644924152475, 1842.5808764349092, 212.95723751503277, 720.6671334589155], "Precision": [0.5352112676056338, 0.4225352112676056, 0.47183098591549294, 0.5070422535211268, 0.5211267605633803, 0.5492957746478874, 0.5140845070422535, 0.5633802816901409, 0.4788732394366197, 0.5492957746478874, 0.4859154929577465, 0.5352112676056338, 0.5, 0.45774647887323944, 0.47183098591549294, 0.5211267605633803, 0.4647887323943662, 0.4788732394366197, 0.4295774647887324, 0.5], "Recall": [0.9084507042253521, 0.8732394366197183, 0.852112676056338, 0.9577464788732394, 0.9366197183098591, 0.9436619718309859, 0.9154929577464789, 0.9084507042253521, 0.9647887323943662, 0.8661971830985915, 0.8732394366197183, 0.8661971830985915, 0.9436619718309859, 0.9225352112676056, 0.9225352112676056, 0.8873239436619719, 0.9507042253521126, 0.9154929577464789, 0.9225352112676056, 0.8380281690140845], "Density": [0.38450704225352117, 0.2774647887323944, 0.3507042253521127, 0.33661971830985915, 0.3408450704225352, 0.42676056338028173, 0.3619718309859155, 0.4253521126760563, 0.3154929577464789, 0.4056338028169014, 0.37464788732394366, 0.36901408450704226, 0.3619718309859155, 0.3436619718309859, 0.36619718309859156, 0.37746478873239436, 0.34507042253521125, 0.3492957746478873, 0.27605633802816903, 0.27605633802816903], "Coverage": [0.5845070422535211, 0.5211267605633803, 0.5633802816901409, 0.5211267605633803, 0.528169014084507, 0.6690140845070423, 0.6901408450704225, 0.7183098591549296, 0.5915492957746479, 0.676056338028169, 0.6338028169014085, 0.6338028169014085, 0.647887323943662, 0.6901408450704225, 0.6338028169014085, 0.5704225352112676, 0.6619718309859155, 0.6408450704225352, 0.5704225352112676, 0.4859154929577465], "F1_PR": [0.6735936295841243, 0.5695151902153586, 0.6073677324233469, 0.6630662013371859, 0.6696712873033971, 0.6944034694725495, 0.658444147182305, 0.6954752036118568, 0.6400660968113115, 0.6722829418319676, 0.6243996320568191, 0.6616285067056626, 0.6536694810101167, 0.6118967331962575, 0.6243530564423175, 0.65663039430026, 0.6243542517850935, 0.6288344262229831, 0.5862055780166995, 0.6263264276912913]}