{"Frobenius_distance": [2.29374825557073, 2.575964911778768, 2.23964609503746, 2.080647764603297, 2.4301411906878156, 2.915148228406906, 2.2196321805318195, 2.2670841117699942, 3.120459926128388, 2.790125012397766, 2.272649908065796, 2.1708070913950603, 3.200586074590683, 2.256319969892502, 2.6645516137282055, 3.0020986755688988, 2.283220362663269, 1.6563947399457295, 2.963825575510661, 1.9003804763158163, 1.0718640247980753, 0.913566279411316, 1.1191523710886637, 0.9496896982192994, 1.5260762453079224, 1.1864675839742025, 1.292535948753357, 1.087010629971822, 1.380307126045227, 1.158956257502238, 1.2464228113492328, 1.7291750033696496, 1.5637545744578047, 1.5720267931620278, 1.3301775455474854, 1.3585190335909525, 1.5633543888727823, 1.1479766289393107, 1.3492168505986533, 1.6676394144694011], "JSD": [0.4041289500426501, 0.39405221965474385, 0.39412863927427677, 0.39849653993733225, 0.39887712668472275, 0.4090251085930504, 0.3998979128121088, 0.40155922432119645, 0.40461990698240696, 0.3915582341297219, 0.389137150448126, 0.40066078396824495, 0.41053104479797187, 0.4001774667917441, 0.3991026958140234, 0.40657196924245603, 0.38985518897728366, 0.3807124886661768, 0.4002624963837055, 0.39220387979100146, 666.3057005857429, 666.3057005857429, 666.3057005857429, 666.3057005857429, 666.3057005857429, 666.3057005857429, 666.3057005857429, 666.3057005857429, 666.3057005857429, 666.3057005857429, 666.3057005857429, 666.3057005857429, 666.3057005857429, 666.3057005857429, 666.3057005857429, 666.3057005857429, 666.3057005857429, 666.3057005857429, 666.3057005857429, 666.3057005857429], "Centrality_distance": [0.4969164173813254, 0.47176322663924325, 0.4962604295354722, 0.5104952520741755, 0.49271565219771674, 0.49585135162196203, 0.5030350799947891, 0.49954718029031747, 0.4904891953763618, 0.4917428704279238, 0.47079013550929966, 0.5077664098157035, 0.5222914826347743, 0.5005478759015707, 0.4943166094601408, 0.5020211821115781, 0.48329834950659734, 0.45536199820977935, 0.5156680823044559, 0.48859667293656034, 0.27022112239427104, 0.3038930495503769, 0.26216419309896405, 0.2691546533914124, 0.24844911988087964, 0.2619526793178832, 0.2486184032313049, 0.2551622608067947, 0.2624329417802177, 0.28051681912578513, 0.22791798627342935, 0.2760244017096853, 0.24171227823265637, 0.278983146323457, 0.27380084487617434, 0.2653696623079692, 0.25766842428191095, 0.28374285250891057, 0.26922094001526903, 0.26628243443308236], "Density_distance": [0.3813141346848591, 0.38747033597569164, 0.40266865319245143, 0.4177511959130834, 0.37851924733474984, 0.4219778399744132, 0.40823716872914373, 0.40424959875124333, 0.40085007803837736, 0.40636216711287876, 0.3683441551390554, 0.3978645520778913, 0.4285198914341586, 0.4108843617126595, 0.4006546811075986, 0.41039906497726064, 0.4002951856218934, 0.3643766064244769, 0.4140859634656646, 0.3948581505400811, 0.10199505559799679, 0.09395216983452277, 0.0844062555091967, 0.08840572825866944, 0.06818703856629554, 0.13049857685887095, 0.09691120426414546, 0.07152973388267507, 0.08415761526055643, 0.08688568648127473, 0.10734354969649085, 0.0874303610333022, 0.06923522283816402, 0.09499423234717352, 0.10947498307792425, 0.09475895836189954, 0.08786192021486139, 0.11025364885659004, 0.06925752760311583, 0.1104606725833506], "Degree_distance": [9.388588808955735, 12.053850348309988, 9.837570582498108, 10.963713149043306, 10.215800642618929, 13.873660879141887, 10.358365534058779, 10.78585478848606, 13.76847663237268, 12.272273369276908, 8.991715448314775, 8.963166629773866, 12.886249830573325, 10.15222369631442, 13.30126515443968, 13.350828070779723, 11.465054179744632, 6.817110339823752, 12.723228564891702, 8.4047638543533, 2.1798260766547886, 2.523099640007099, 2.22518871586609, 2.3598654051804315, 2.140194907072157, 2.3926436927337313, 2.340511703734575, 2.41159960523697, 2.174849580555614, 2.304035099878895, 2.1597067512173442, 2.6126011928962787, 2.3126331029615184, 2.249023745392483, 2.3734768455037036, 2.4688985382556456, 2.2111674160853623, 2.5085937694366693, 2.408032151728209, 2.060245741119251], "MMD": [2317.435302734375, 3173.8076171875, 1444.5906982421875, 2720.43359375, 5969.4501953125, 4213.11376953125, 2260.4453125, 1312.424072265625, 957.9028930664062, 1642.690185546875, 2786.921875, 9758.87109375, 5930.56494140625, 2924.98095703125, 2869.277099609375, 1766.0423583984375, 3548.479248046875, 2900.184814453125, 6000.15673828125, 5122.5263671875], "KID": [15137.6953125, 7.221270076886876e+17, -15303532544.0, 5755135066112.0, 3484788.0, -3559588864.0, 642726.5, 15406929.0, 889135.9375, 211196706816.0, 2.9656991676169506e+21, 1516983925342208.0, 788271857664.0, 2.160157237497037e+16, 12777040117760.0, 4342049406976.0, 2325270061121536.0, 241214685184.0, 284431424159744.0, 57841209344.0, 745034.75, 2965376.75, 105069.3046875, 4464078.5, 18407458.0, 8976267.0, 806560.9375, 160244.28125, 43254.3359375, 164298.640625, 1507077.5, 41923636.0, 53694388.0, 1792981.5, 2360618.25, 672942.6875, 6711271.0, 3055110.5, 12085629.0, 19191392.0], "FID": [1257.9236515180642, 77479478.5435578, 320717006.5614184, 763214.515044766, 8051.618217928855, 126650500.87839478, 4363.73804334811, 10834.697181178142, 15215.092362539874, 5817755.750976996, 605422179.8701783, 359137579.32773566, 3758243.266935798, 15204643.692946866, 34133258.94243654, 1918026.4781034244, 20443226.500653367, 1896212.739101365, 183953069.75940263, 6058485.110267464, 4635.221211927537, 8684.263236711657, 2455.6143044623263, 7569.058743682369, 13351.37183236788, 11722.689217438006, 4701.634243834191, 2642.924152135527, 1763.9299715878708, 2908.088476910348, 5942.4924180738135, 18358.978187723267, 22688.826857286273, 6117.096877307501, 6506.59948707126, 4178.4207482690235, 10330.70090279827, 7101.530176902403, 12008.930459268264, 13398.598067110444], "Precision": [0.55, 0.55, 0.6, 0.7, 0.6, 0.55, 0.45, 0.45, 0.7, 0.85, 0.6, 0.5, 0.45, 0.7, 0.7, 0.45, 0.35, 0.6, 0.65, 0.65, 0.45, 0.3, 0.45, 0.45, 0.25, 0.45, 0.4, 0.6, 0.5, 0.25, 0.45, 0.25, 0.3, 0.4, 0.4, 0.4, 0.3, 0.55, 0.3, 0.4], "Recall": [1.0, 0.9, 0.9, 0.9, 0.9, 0.7, 0.9, 1.0, 0.85, 0.9, 0.65, 0.65, 0.65, 0.95, 0.85, 1.0, 0.95, 0.85, 0.85, 1.0, 0.95, 0.4, 0.9, 0.95, 0.95, 0.0, 0.55, 0.75, 0.0, 0.6, 0.2, 1.0, 0.95, 0.95, 0.95, 0.7, 0.7, 0.1, 0.95, 0.95], "Density": [0.21000000000000002, 0.24, 0.35000000000000003, 0.26, 0.34, 0.41, 0.35000000000000003, 0.27, 0.43, 0.35000000000000003, 0.22999999999999998, 0.16000000000000003, 0.16000000000000003, 0.34, 0.26, 0.18000000000000002, 0.11000000000000001, 0.29, 0.30000000000000004, 0.26, 0.12, 0.1, 0.13, 0.11000000000000001, 0.06, 0.15000000000000002, 0.1, 0.19, 0.13, 0.08000000000000002, 0.13999999999999999, 0.06999999999999999, 0.09000000000000001, 0.11000000000000001, 0.12, 0.09000000000000001, 0.08000000000000002, 0.15000000000000002, 0.09000000000000001, 0.12], "Coverage": [0.45, 0.5, 0.75, 0.4, 0.65, 0.6, 0.8, 0.75, 0.75, 0.8, 0.4, 0.25, 0.4, 0.7, 0.6, 0.4, 0.3, 0.7, 0.55, 0.45, 0.1, 0.1, 0.1, 0.2, 0.1, 0.1, 0.1, 0.1, 0.1, 0.1, 0.1, 0.1, 0.1, 0.1, 0.1, 0.1, 0.1, 0.1, 0.1, 0.1], "F1_PR": [0.7096882622159714, 0.6827692033213335, 0.7200103999946668, 0.7875101562480469, 0.7200103999946668, 0.616010143997696, 0.6000111110946506, 0.620701093915946, 0.7677520291351079, 0.8742957224488862, 0.6240100159997439, 0.5652275614337141, 0.5318285123906838, 0.8060708356262347, 0.7677520291351079, 0.620701093915946, 0.5115505916832049, 0.7034585731231293, 0.736676844442074, 0.7878892378274203, 0.6107255612062685, 0.34286734693294474, 0.6000111110946506, 0.6107255612062685, 0.39584673605439913, 1.9999555575307767e-05, 0.4631681440390729, 0.6666767901216277, 1.9999600015999362e-05, 0.35295287193242514, 0.27693455616750257, 0.400013599942401, 0.4560127039567367, 0.5629746227463297, 0.5629746227463297, 0.5091016528790386, 0.4200115999680006, 0.16924556198270824, 0.4560127039567367, 0.5629746227463297]}