{"Frobenius_distance": [2.29374825557073, 2.575964911778768, 2.23964609503746, 2.080647764603297, 2.4301411906878156, 2.915148228406906, 2.2196321805318195, 2.2670841117699942, 3.120459926128388, 2.790125012397766, 2.272649908065796, 2.1708070913950603, 3.200586074590683, 2.256319969892502, 2.6645516137282055, 3.0020986755688988, 2.283220362663269, 1.6563947399457295, 2.963825575510661, 1.9003804763158163, 1.0718640247980753, 0.913566279411316, 1.1191523710886637, 0.9496896982192994, 1.5260762453079224, 1.1864675839742025, 1.292535948753357, 1.087010629971822, 1.380307126045227, 1.158956257502238, 1.2464228113492328, 1.7291750033696496, 1.5637545744578047, 1.5720267931620278, 1.3301775455474854, 1.3585190335909525, 1.5633543888727823, 1.1479766289393107, 1.3492168505986533, 1.6676394144694011, 24.835679968198143, 24.16612493991852, 24.408020297686257, 24.33810427188873, 24.152453001340227, 24.043084677060445, 23.724625166257226, 23.92533177534739, 24.402995642026262, 24.686569746335348, 24.842971634864806, 24.13210788567861, 24.717130875587465, 24.03000681400299, 24.449670751889542, 24.374942866961163, 25.27627629439036, 24.713005344072975, 24.583048208554583, 25.076122434933982], "JSD": [0.4041289500426501, 0.39405221965474385, 0.39412863927427677, 0.39849653993733225, 0.39887712668472275, 0.4090251085930504, 0.3998979128121088, 0.40155922432119645, 0.40461990698240696, 0.3915582341297219, 0.389137150448126, 0.40066078396824495, 0.41053104479797187, 0.4001774667917441, 0.3991026958140234, 0.40657196924245603, 0.38985518897728366, 0.3807124886661768, 0.4002624963837055, 0.39220387979100146, 666.3057005857429, 666.3057005857429, 666.3057005857429, 666.3057005857429, 666.3057005857429, 666.3057005857429, 666.3057005857429, 666.3057005857429, 666.3057005857429, 666.3057005857429, 666.3057005857429, 666.3057005857429, 666.3057005857429, 666.3057005857429, 666.3057005857429, 666.3057005857429, 666.3057005857429, 666.3057005857429, 666.3057005857429, 666.3057005857429, 666.3057005857429, 666.3057005857429, 666.3057005857429, 666.3057005857429, 666.3057005857429, 666.3057005857429, 666.3057005857429, 666.3057005857429, 666.3057005857429, 666.3057005857429, 666.3057005857429, 666.3057005857429, 666.3057005857429, 666.3057005857429, 666.3057005857429, 666.3057005857429, 666.3057005857429, 666.3057005857429, 666.3057005857429, 666.3057005857429], "Centrality_distance": [0.4969164173813254, 0.47176322663924325, 0.4962604295354722, 0.5104952520741755, 0.49271565219771674, 0.49585135162196203, 0.5030350799947891, 0.49954718029031747, 0.4904891953763618, 0.4917428704279238, 0.47079013550929966, 0.5077664098157035, 0.5222914826347743, 0.5005478759015707, 0.4943166094601408, 0.5020211821115781, 0.48329834950659734, 0.45536199820977935, 0.5156680823044559, 0.48859667293656034, 0.27022112239427104, 0.3038930495503769, 0.26216419309896405, 0.2691546533914124, 0.24844911988087964, 0.2619526793178832, 0.2486184032313049, 0.2551622608067947, 0.2624329417802177, 0.28051681912578513, 0.22791798627342935, 0.2760244017096853, 0.24171227823265637, 0.278983146323457, 0.27380084487617434, 0.2653696623079692, 0.25766842428191095, 0.28374285250891057, 0.26922094001526903, 0.26628243443308236, 0.3108033683159969, 0.31799188053115923, 0.2713717156524501, 0.2835104777067478, 0.31109211340471876, 0.311037019093915, 0.30014709057764843, 0.23127674247953678, 0.29753628278826766, 0.29142606594011367, 0.2453147273168788, 0.2951926351571937, 0.3264410478462242, 0.2965571656282069, 0.29386296388113436, 0.29565751166982207, 0.25953265572895956, 0.2377194327452124, 0.30754209744840993, 0.2592825567416338], "Density_distance": [0.3813141346848591, 0.38747033597569164, 0.40266865319245143, 0.4177511959130834, 0.37851924733474984, 0.4219778399744132, 0.40823716872914373, 0.40424959875124333, 0.40085007803837736, 0.40636216711287876, 0.3683441551390554, 0.3978645520778913, 0.4285198914341586, 0.4108843617126595, 0.4006546811075986, 0.41039906497726064, 0.4002951856218934, 0.3643766064244769, 0.4140859634656646, 0.3948581505400811, 0.10199505559799679, 0.09395216983452277, 0.0844062555091967, 0.08840572825866944, 0.06818703856629554, 0.13049857685887095, 0.09691120426414546, 0.07152973388267507, 0.08415761526055643, 0.08688568648127473, 0.10734354969649085, 0.0874303610333022, 0.06923522283816402, 0.09499423234717352, 0.10947498307792425, 0.09475895836189954, 0.08786192021486139, 0.11025364885659004, 0.06925752760311583, 0.1104606725833506, 0.14443821429115544, 0.15220993331287447, 0.1536555138761021, 0.14873525983820102, 0.14087187322481437, 0.14494298729592847, 0.13488517473811593, 0.13714633949928068, 0.13536316896611014, 0.13303989039283157, 0.14345831456125574, 0.1504653353182765, 0.141678578774167, 0.14549553659847778, 0.12798193908488026, 0.15207534567828684, 0.137210395813337, 0.13011398595957419, 0.15023585483144306, 0.16507082242376359], "Degree_distance": [9.388588808955735, 12.053850348309988, 9.837570582498108, 10.963713149043306, 10.215800642618929, 13.873660879141887, 10.358365534058779, 10.78585478848606, 13.76847663237268, 12.272273369276908, 8.991715448314775, 8.963166629773866, 12.886249830573325, 10.15222369631442, 13.30126515443968, 13.350828070779723, 11.465054179744632, 6.817110339823752, 12.723228564891702, 8.4047638543533, 2.1798260766547886, 2.523099640007099, 2.22518871586609, 2.3598654051804315, 2.140194907072157, 2.3926436927337313, 2.340511703734575, 2.41159960523697, 2.174849580555614, 2.304035099878895, 2.1597067512173442, 2.6126011928962787, 2.3126331029615184, 2.249023745392483, 2.3734768455037036, 2.4688985382556456, 2.2111674160853623, 2.5085937694366693, 2.408032151728209, 2.060245741119251, 2.359437622903676, 2.4750544383921937, 2.4220501609307203, 2.5581183038974737, 2.352237662960068, 2.675062359288326, 2.464262379263781, 2.345438463845981, 2.6173580827469562, 2.4492059169719274, 2.5523352281218488, 2.63416089425178, 2.712603306965741, 2.5557820975270893, 2.415685815737036, 2.568897649799543, 2.42162570644615, 2.133801036438235, 2.4588320957125562, 2.600396145441622], "MMD": [51207.6484375, 29314.48828125, 49556.80859375, 54946.0390625, 53364.36328125, 30701.142578125, 22412.701171875, 16389.548828125, 54553.9453125, 11181.7822265625, 41537.390625, 40016.96875, 34396.5625, 31462.515625, 32108.330078125, 36183.01171875, 26729.6015625, 46352.10546875, 21456.923828125, 7535.81494140625], "KID": [15137.6953125, 7.221270076886876e+17, -15303532544.0, 5755135066112.0, 3484788.0, -3559588864.0, 642726.5, 15406929.0, 889135.9375, 211196706816.0, 2.9656991676169506e+21, 1516983925342208.0, 788271857664.0, 2.160157237497037e+16, 12777040117760.0, 4342049406976.0, 2325270061121536.0, 241214685184.0, 284431424159744.0, 57841209344.0, 745034.75, 2965376.75, 105069.3046875, 4464078.5, 18407458.0, 8976267.0, 806560.9375, 160244.28125, 43254.3359375, 164298.640625, 1507077.5, 41923636.0, 53694388.0, 1792981.5, 2360618.25, 672942.6875, 6711271.0, 3055110.5, 12085629.0, 19191392.0, 15368014848.0, 919974272.0, 9218535424.0, 9331768320.0, 11800598528.0, 1740663936.0, 505893792.0, 1092221696.0, 16175746048.0, 115581344.0, 3302563584.0, 2636046336.0, 4182628864.0, 1452025984.0, 4874545152.0, 3625431552.0, 1088789120.0, 5838707712.0, 742207296.0, 26460466.0],