{"Frobenius_distance": [0.5133467444110578, 0.5102574149656252, 0.5173087257074486, 0.5093444009083956, 0.451931565270927, 0.5341946146364268, 0.5345268549000479, 0.5214978826888209, 0.5523052483676492, 0.4805133959789199, 0.5278596629430081, 0.4980458083310084, 0.5036692712190476, 0.5549946846822471, 0.505480373362088, 0.5054853312441615, 0.5033052930941732, 0.4536176464470829, 0.5097267409814988, 0.5007944099078696], "JSD": [0.03829739884706142, 0.034854722392640675, 0.03506219281116138, 0.03634661061418528, 0.03140285351993954, 0.03516481752581883, 0.03813245262668914, 0.040027705238308266, 0.03977624580027565, 0.030851176135077343, 0.038870328450050826, 0.031693459510191035, 0.03504404233037553, 0.040427063724824366, 0.03572567891163726, 0.0335114694779308, 0.036432553130241706, 0.03086976177185783, 0.033197973518311476, 0.03535088046299977], "Laplacian_spectrum_distance": [2.9768251474504326, 3.025962206230134, 2.9137852895849687, 3.9314897349682276, 2.898786994223804, 2.7750647567327866, 3.0162605414942756, 4.352776378275097, 2.8227429107655433, 4.479015087144889, 2.9927473160977516, 3.112665369498943, 2.915256897361452, 3.0310141377531683, 2.86373305001094, 2.859096193654708, 3.003603071963108, 3.0003778748074845, 2.921640387326724, 2.832654689901002], "Centrality_distance": [0.16375904439936229, 0.15839023929624077, 0.18476846063577468, 0.16723680596275886, 0.18842568110655383, 0.1722568826841276, 0.16506923729820908, 0.17825132062094864, 0.16597345426305832, 0.18673853979742747, 0.17353318712729698, 0.15045739756278229, 0.1757960421735958, 0.18316866439528515, 0.17301676047970077, 0.1837538981366145, 0.15225591949565195, 0.16950261651627735, 0.1795046748960795, 0.16332064586935816], "Density_distance": [0.04641598208825099, 0.04174710780453077, 0.04418656282335088, 0.05382175229008407, 0.05735217137878203, 0.046836043491038815, 0.05347241577283594, 0.05185363997244664, 0.042049259529418265, 0.05611689664907189, 0.053773460994516076, 0.049152616584922836, 0.050942892178886576, 0.05288762910845077, 0.052229078931926735, 0.040569369593645974, 0.04681587156143645, 0.05106167987353795, 0.04776044463369394, 0.04828710595867458], "Degree_distance": [0.6068571600935704, 0.5350721252227271, 0.6378051878824006, 0.7751447712383767, 0.6828075926079245, 0.6542142889037732, 0.6925505725356557, 0.763735450517064, 0.5439131438025182, 0.7833088350176457, 0.7143391932549766, 0.5699618641362929, 0.7204514836525284, 0.6666243529789033, 0.6795146415020988, 0.6767497368147093, 0.6344480801122534, 0.6084904467058745, 0.7241345653297518, 0.6620403269880307]}