{"Frobenius_distance": [0.6896707747348403, 0.6898292425596709, 0.671803082126418, 0.7044532549555637, 0.6762520855399926, 0.7428698714670644, 0.6642274059538452, 0.7487819829352207, 0.6711819873656064, 0.6426208399850707, 0.7421690456135563, 0.6727395008258125, 0.7119742433341388, 0.6816312765281147, 0.7365611658710727, 0.6956040773256671, 0.6878099857221094, 0.6426872252490414, 0.6914128112414527, 0.6377991702561805], "JSD": [0.2297081985410449, 0.23928198704016018, 0.23216488521434242, 0.2377148363227938, 0.25278446668477245, 0.24111693613723945, 0.24534181145365053, 0.23713154207037945, 0.22947388029597304, 0.2328818139195769, 0.25480788259442644, 0.2467215453506147, 0.2337696870176746, 0.2311825346416445, 0.25228904190688045, 0.24231247669410505, 0.22587325139973546, 0.2299735767850023, 0.245616045378646, 0.23911397771059384], "Laplacian_spectrum_distance": [24.346930377808945, 22.895603964620655, 26.72856964592718, 24.498930986957458, 28.380567449110767, 29.117797126873448, 21.724790596374763, 24.85528888916322, 19.43740537019125, 20.670357271796004, 27.870382004566196, 24.299752626559496, 28.00013406378247, 27.5398871788934, 29.75175581191416, 26.374907377198657, 25.37950636808472, 21.692663024574593, 24.24710462094933, 24.536355834783926], "Centrality_distance": [0.34303502051752716, 0.336781181164068, 0.33942127721284265, 0.3433108363474893, 0.37393474152700834, 0.36458790821123127, 0.34269909094477163, 0.3492352317870134, 0.3276806432494403, 0.34112469406890633, 0.3690142009461237, 0.3601235835661238, 0.3541579034716338, 0.3476219971619646, 0.3690078488607892, 0.35200102387319687, 0.33474118897210975, 0.33299166117817597, 0.351348781585359, 0.34791926749993257], "Density_distance": [0.30314941567831954, 0.30672169460170734, 0.30426964405023654, 0.30885383010691186, 0.32902913971323433, 0.3127404713113183, 0.31321855174888613, 0.30711452073014384, 0.28113217910537935, 0.31086703450323183, 0.32322766229349625, 0.3211943286462871, 0.3190550630305007, 0.304674885240081, 0.3306304782056647, 0.3145603531654527, 0.3029592765152269, 0.30089583049873475, 0.3135623214891668, 0.30951300046312064], "Degree_distance": [3.762519525956653, 3.7239271380237047, 3.9096558354692807, 3.816254559513317, 4.208849495439828, 4.294760820964206, 3.4428933285584122, 3.8831613647563454, 3.274600857055026, 3.275607201651111, 4.079178760738244, 3.646138877363471, 4.323502693900484, 4.1246834767895315, 4.366861618048751, 4.100824331685698, 3.8674325695244867, 3.5069231910178487, 3.7193358977996818, 3.7560532971902854]}