{"Frobenius_distance": [1.3300115738614768, 1.3375554874958333, 1.3117547531986908, 1.305889996311228, 1.3679501216489334, 1.3265692077221223, 1.2817942175565122, 1.3367655086635384, 1.2549130071760966, 1.2805274440028256, 1.2797684637823914, 1.3453630042868434, 1.2834002060117935, 1.2675989221048225, 1.2863621816462683, 1.2819304007218921, 1.2609430205412837, 1.3290338655592533, 1.3062101401922441, 1.3481867792414601], "JSD": [0.1361529858452295, 0.13885157199650208, 0.13445157515919642, 0.13551085622631817, 0.14048335520478877, 0.13669941323093993, 0.12763261836956294, 0.13878055217888607, 0.1261153609698433, 0.12777341983426294, 0.13064698568088465, 0.13931697919220495, 0.1293818492873058, 0.13112029312029605, 0.13110590523406143, 0.12975200544295182, 0.12895625536383207, 0.13218664046362869, 0.13372529078987153, 0.13950893790379848], "Laplacian_spectrum_distance": [3.8894834961195466, 3.7603144230283414, 3.7975585839940984, 3.960202584562095, 4.003548321545191, 4.030423010192501, 3.731683613587388, 3.934873847964299, 3.760709720093696, 4.044522677052287, 3.7978008436939836, 3.7864830173262476, 3.918011665141398, 3.6851203000860733, 3.859692305934425, 3.7554364293394102, 3.905228162813519, 3.9754205800589433, 3.853745036954109, 4.114025913296049], "Centrality_distance": [0.27154223579714526, 0.27935572372474154, 0.3060161100644299, 0.2790121591284055, 0.3082448586533538, 0.29642881922444475, 0.26625449920858163, 0.2781293668043172, 0.27187264557698415, 0.2718547759469428, 0.25369782117016126, 0.264183857771031, 0.27811879159014236, 0.2424172192759016, 0.26931820292229214, 0.28154252796959595, 0.2566924123327296, 0.26500854311608696, 0.28836674141968616, 0.30282493936711746], "Density_distance": [0.05088192952221897, 0.047571338170077665, 0.04889343499637617, 0.042365786943284606, 0.04161978306819576, 0.047421718665882996, 0.05225857670185401, 0.0506765583726368, 0.05042789044306317, 0.053923397900988934, 0.04582925918360092, 0.04118847862895481, 0.053333029490825946, 0.050469330700423136, 0.051609096111897235, 0.049518711395462094, 0.05125139998155872, 0.05648691899275465, 0.048318537291459795, 0.05431194406451176], "Degree_distance": [0.7126368039081177, 0.741315817588758, 0.8387330866541879, 0.7088364407243534, 0.7265683966376693, 0.6874372488382317, 0.7924036522748723, 0.7002119783803608, 0.79703503079671, 0.7072285633843222, 0.6241598087482282, 0.6783199641120329, 0.778132142657697, 0.6328226652651995, 0.6467718941981127, 0.7937003070623925, 0.7145877054364159, 0.7773846307456468, 0.7545298822648276, 0.7237973825378335]}