{"Frobenius_distance": [0.6393442838651311, 0.6402443006667177, 0.6474083902529382, 0.6345920651195727, 0.5935608642738703, 0.6316954173405074, 0.6301515945422103, 0.6589511691652055, 0.6613021466392911, 0.666440130229906, 0.636828281758472, 0.6330236953624936, 0.6171953207749724, 0.6296416366504725, 0.6377175110840108, 0.6395746958875375, 0.6686427986477158, 0.667580566849992, 0.6644221233386619, 0.6325039161724574, 1.0345213117868108, 0.9854948595829407, 0.9751033482802386, 1.0655966373125119, 1.0131959194933704, 1.012176363448877, 1.0582205814176953, 1.0457681351905666, 1.2149882020736609, 1.1227842949314575, 1.1407533896032467, 1.1634384094537178, 1.062301095846172, 1.0066697218950167, 1.084539201550494, 1.2389543638454208, 1.1362758931919232, 1.045951988186526, 0.8570545465839342, 1.0383277813593546], "JSD": [0.05189025035383655, 0.049905673956276465, 0.05353755860096971, 0.053298889734535025, 0.04710849329059347, 0.05092400525390193, 0.04875932599186267, 0.05269031141439109, 0.05164011246966789, 0.05166987636208608, 0.050022886670288765, 0.04715194500034338, 0.05032752096198483, 0.05070901992865582, 0.04899506370574375, 0.053127931542126444, 0.049936168526994666, 0.05807784564892822, 0.05254553255172596, 0.05211932377821925, 666.351315347829, 666.351315347829, 666.351315347829, 666.351315347829, 666.351315347829, 666.351315347829, 666.351315347829, 666.351315347829, 666.351315347829, 666.351315347829, 666.351315347829, 666.351315347829, 666.351315347829, 666.351315347829, 666.351315347829, 666.351315347829, 666.351315347829, 666.351315347829, 666.351315347829, 666.351315347829], "Laplacian_spectrum_distance": [2.960211248724878, 2.8494540665840447, 2.944164445576307, 2.8917906740730577, 2.9769182712746125, 3.026202169910118, 3.04702658193619, 4.419884291911573, 3.1597040190955927, 3.0759847723545843, 2.989051139296346, 3.0734467856915924, 2.804441268580015, 3.00185350916966, 3.200780553089266, 2.890750776941853, 3.075144705481626, 3.083808443875114, 3.0333018164740335, 3.0048857209763407, 6.084558530393429, 5.868749347867351, 5.985068738261046, 5.815318363747604, 6.150280952510935, 5.9934602217120965, 6.086253556175629, 5.950378721479304, 6.058204272503122, 6.071010309399173, 5.932351216387209, 6.017046478899956, 5.976764395448052, 5.978600355690884, 5.9192541968342764, 6.001417104647848, 6.029279462272394, 5.968170892835156, 6.103126114841522, 6.135254845769043], "Centrality_distance": [0.18032943067863072, 0.19613541970012274, 0.18052090106607505, 0.18382457376897507, 0.1533646749135363, 0.1901682912379622, 0.1599585478422358, 0.2002942811177988, 0.16716242135122567, 0.18743303642982134, 0.20266819315416426, 0.19353950002745524, 0.16580061992209988, 0.17585891111265797, 0.1754206215438212, 0.18445976292289418, 0.17991013254327995, 0.20488514660043028, 0.19127966044081696, 0.19006740088207272, 0.36415693053262904, 0.3552917247516588, 0.35987394294701874, 0.35041151164271406, 0.3625157705776292, 0.34962068315842304, 0.352985486988931, 0.3550330188169797, 0.34887949888863734, 0.3527169539930762, 0.355258708773421, 0.35580320584994674, 0.35492984379212555, 0.35882819985460074, 0.3560533235378413, 0.3598542681664269, 0.3651274127685663, 0.35062238906871096, 0.36175184312774344, 0.3580155878603001], "Density_distance": [0.04779327599122183, 0.0535108660575514, 0.049910911485374604, 0.044363188467997056, 0.043519487912578474, 0.04316792079863976, 0.048114643595502604, 0.05059592781658759, 0.055119147978625105, 0.044966009843460816, 0.049772665390079025, 0.0550458509830592, 0.04551788716004403, 0.050676283852054166, 0.054892936281825164, 0.038130267128866566, 0.054343699752196474, 0.05032810417614338, 0.04847615744907996, 0.04867332722608166, 0.2275012293184562, 0.22274158359709245, 0.22239162880035895, 0.22150661542351555, 0.22964418638905099, 0.21870725381579725, 0.2268764086831314, 0.22713423908802058, 0.2205883721441611, 0.2261383014312519, 0.22582625293059463, 0.2244212824126456, 0.21812761623685992, 0.22319213587187442, 0.22423275189381633, 0.22416750244948191, 0.22662614583949786, 0.22166513449893466, 0.2248107906289512, 0.22619878971186158], "Degree_distance": [0.6472021517047051, 0.6208002711523933, 0.6611974591349862, 0.6895482694404965, 0.692887829622482, 0.5785548197533615, 0.708373355410252, 0.7647936811050369, 0.5853170345898371, 0.6128834745086238, 0.818263109908207, 0.6784615860865519, 0.5297856788091395, 0.654671148113442, 0.7327333182027268, 0.5679322166640484, 0.8281018070688457, 0.6782427686405019, 0.6454633996617822, 0.762589544597067, 2.2734100029075233, 2.208791317742457, 2.2186057538815533, 2.176045459024926, 2.2118083799123816, 2.15981954729135, 2.196916179369327, 2.180976128759436, 2.1648668676181737, 2.209207657212906, 2.226773928660049, 2.2037646335583965, 2.1655526824015907, 2.217032272237571, 2.213063161763069, 2.1985784304604845, 2.2007883964404855, 2.187678451466828, 2.2050289919465498, 2.198399062788434]}