{"Frobenius_distance": [0.6393442838651311, 0.6402443006667177, 0.6474083902529382, 0.6345920651195727, 0.5935608642738703, 0.6316954173405074, 0.6301515945422103, 0.6589511691652055, 0.6613021466392911, 0.666440130229906, 0.636828281758472, 0.6330236953624936, 0.6171953207749724, 0.6296416366504725, 0.6377175110840108, 0.6395746958875375, 0.6686427986477158, 0.667580566849992, 0.6644221233386619, 0.6325039161724574, 1.0345213117868108, 0.9854948595829407, 0.9751033482802386, 1.0655966373125119, 1.0131959194933704, 1.012176363448877, 1.0582205814176953, 1.0457681351905666, 1.2149882020736609, 1.1227842949314575, 1.1407533896032467, 1.1634384094537178, 1.062301095846172, 1.0066697218950167, 1.084539201550494, 1.2389543638454208, 1.1362758931919232, 1.045951988186526, 0.8570545465839342, 1.0383277813593546, 25.71567942568568, 25.486125231308613, 25.55063308106751, 25.80209582738701, 25.66758359599774, 25.842767898293623, 25.74603906388673, 25.87757090192475, 25.620424322513564, 25.721478636747875, 25.866777811902278, 25.771462478067804, 25.804452970381877, 25.891202507826385, 25.474441437672276, 25.515828097130033, 25.74594522310572, 26.03599163765407, 25.730726191843925, 25.361548610287144], "JSD": [0.05189025035383655, 0.049905673956276465, 0.05353755860096971, 0.053298889734535025, 0.04710849329059347, 0.05092400525390193, 0.04875932599186267, 0.05269031141439109, 0.05164011246966789, 0.05166987636208608, 0.050022886670288765, 0.04715194500034338, 0.05032752096198483, 0.05070901992865582, 0.04899506370574375, 0.053127931542126444, 0.049936168526994666, 0.05807784564892822, 0.05254553255172596, 0.05211932377821925, 666.351315347829, 666.351315347829, 666.351315347829, 666.351315347829, 666.351315347829, 666.351315347829, 666.351315347829, 666.351315347829, 666.351315347829, 666.351315347829, 666.351315347829, 666.351315347829, 666.351315347829, 666.351315347829, 666.351315347829, 666.351315347829, 666.351315347829, 666.351315347829, 666.351315347829, 666.351315347829, 666.351315347829, 666.351315347829, 666.351315347829, 666.351315347829, 666.351315347829, 666.351315347829, 666.351315347829, 666.351315347829, 666.351315347829, 666.351315347829, 666.351315347829, 666.351315347829, 666.351315347829, 666.351315347829, 666.351315347829, 666.351315347829, 666.351315347829, 666.351315347829, 666.351315347829, 666.351315347829], "Laplacian_spectrum_distance": [2.960211248724878, 2.8494540665840447, 2.944164445576307, 2.8917906740730577, 2.9769182712746125, 3.026202169910118, 3.04702658193619, 4.419884291911573, 3.1597040190955927, 3.0759847723545843, 2.989051139296346, 3.0734467856915924, 2.804441268580015, 3.00185350916966, 3.200780553089266, 2.890750776941853, 3.075144705481626, 3.083808443875114, 3.0333018164740335, 3.0048857209763407, 6.084558530393429, 5.868749347867351, 5.985068738261046, 5.815318363747604, 6.150280952510935, 5.9934602217120965, 6.086253556175629, 5.950378721479304, 6.058204272503122, 6.071010309399173, 5.932351216387209, 6.017046478899956, 5.976764395448052, 5.978600355690884, 5.9192541968342764, 6.001417104647848, 6.029279462272394, 5.968170892835156, 6.103126114841522, 6.135254845769043, 6.174500655197779, 6.894587076167497, 6.815238676128164, 6.638872321947613, 6.48870094614815, 6.348758001614517, 6.158190403083637, 6.608987210145916, 6.9587784341905135, 6.34636524938762, 6.6864816726175995, 6.855293754258583, 6.383218193976478, 6.4639607510720385, 6.473367444791681, 6.27312605698755, 6.395308939345766, 6.28920527943943, 6.922651699596351, 6.425359232293577], "Centrality_distance": [0.18032943067863072, 0.19613541970012274, 0.18052090106607505, 0.18382457376897507, 0.1533646749135363, 0.1901682912379622, 0.1599585478422358, 0.2002942811177988, 0.16716242135122567, 0.18743303642982134, 0.20266819315416426, 0.19353950002745524, 0.16580061992209988, 0.17585891111265797, 0.1754206215438212, 0.18445976292289418, 0.17991013254327995, 0.20488514660043028, 0.19127966044081696, 0.19006740088207272, 0.36415693053262904, 0.3552917247516588, 0.35987394294701874, 0.35041151164271406, 0.3625157705776292, 0.34962068315842304, 0.352985486988931, 0.3550330188169797, 0.34887949888863734, 0.3527169539930762, 0.355258708773421, 0.35580320584994674, 0.35492984379212555, 0.35882819985460074, 0.3560533235378413, 0.3598542681664269, 0.3651274127685663, 0.35062238906871096, 0.36175184312774344, 0.3580155878603001, 0.2828751790777843, 0.30888728983418934, 0.3122534995845368, 0.2862093322665992, 0.29608893388691043, 0.29068511553977555, 0.280523668403633, 0.2772614841441993, 0.3039134330390527, 0.30291216771042057, 0.3052135573603361, 0.2983720312203287, 0.2907345871791358, 0.2921543261938141, 0.2840286291325402, 0.30195585919835943, 0.2805101263200303, 0.29782906508091395, 0.3007316703412354, 0.2820406912051739], "Density_distance": [0.04779327599122183, 0.0535108660575514, 0.049910911485374604, 0.044363188467997056, 0.043519487912578474, 0.04316792079863976, 0.048114643595502604, 0.05059592781658759, 0.055119147978625105, 0.044966009843460816, 0.049772665390079025, 0.0550458509830592, 0.04551788716004403, 0.050676283852054166, 0.054892936281825164, 0.038130267128866566, 0.054343699752196474, 0.05032810417614338, 0.04847615744907996, 0.04867332722608166, 0.2275012293184562, 0.22274158359709245, 0.22239162880035895, 0.22150661542351555, 0.22964418638905099, 0.21870725381579725, 0.2268764086831314, 0.22713423908802058, 0.2205883721441611, 0.2261383014312519, 0.22582625293059463, 0.2244212824126456, 0.21812761623685992, 0.22319213587187442, 0.22423275189381633, 0.22416750244948191, 0.22662614583949786, 0.22166513449893466, 0.2248107906289512, 0.22619878971186158, 0.19468471373700133, 0.20819480192145925, 0.20444751111184348, 0.1889860592860126, 0.19598593961455774, 0.1939703854864919, 0.200033026549133, 0.19711686889207897, 0.19923957068798337, 0.20164710039243186, 0.18858904901855417, 0.19774288600444062, 0.19559609074139883, 0.1965834446961898, 0.19533412583716037, 0.19507065832462658, 0.19371573279661516, 0.19430377905284535, 0.20231646146328688, 0.18946809497346379], "Degree_distance": [0.6472021517047051, 0.6208002711523933, 0.6611974591349862, 0.6895482694404965, 0.692887829622482, 0.5785548197533615, 0.708373355410252, 0.7647936811050369, 0.5853170345898371, 0.6128834745086238, 0.818263109908207, 0.6784615860865519, 0.5297856788091395, 0.654671148113442, 0.7327333182027268, 0.5679322166640484, 0.8281018070688457, 0.6782427686405019, 0.6454633996617822, 0.762589544597067, 2.2734100029075233, 2.208791317742457, 2.2186057538815533, 2.176045459024926, 2.2118083799123816, 2.15981954729135, 2.196916179369327, 2.180976128759436, 2.1648668676181737, 2.209207657212906, 2.226773928660049, 2.2037646335583965, 2.1655526824015907, 2.217032272237571, 2.213063161763069, 2.1985784304604845, 2.2007883964404855, 2.187678451466828, 2.2050289919465498, 2.198399062788434, 2.118653533854159, 2.193227337969735, 2.109845676025116, 2.137165582791696, 2.0826679096918026, 2.136826401803608, 2.0574905393035383, 2.115165275382247, 2.1762906133583875, 2.0863447073729615, 2.067697491052422, 2.137941376225882, 2.0986671074636885, 2.13544627932593, 2.1283760809486894, 2.082149419739677, 2.1387938072412274, 2.1321283172324046, 2.1270717555243044, 2.1013552683456806]}