{"Frobenius_distance": [1.9568450163312567, 1.9493979896108309, 2.249662673111015, 2.045905253958578, 2.1104715855404113, 1.958272897341279, 2.284176829777425, 2.043663957218329, 2.019758747369421, 1.830054674204439, 2.1747696146989863, 2.071118095020453, 2.2134738972216534, 2.062023671692036, 2.2600516157152546, 2.055415494752621, 2.271716280993375, 2.043871488889029, 2.2052769227598525, 2.1319756499957294], "JSD": [0.266316022577981, 0.2652443650101001, 0.30136839765849144, 0.27936812779794307, 0.2785342354655408, 0.2594991393239335, 0.28754542132297684, 0.2616706541442909, 0.2699113564429786, 0.24090184288270772, 0.2880391057937838, 0.28814352841000074, 0.3076865603992701, 0.27087279530679637, 0.29617042672229965, 0.28188575843112007, 0.29017748063425275, 0.2687061102925886, 0.2755573555649403, 0.2698403272453675], "Centrality_distance": [0.3372685352668388, 0.2969089133990334, 0.30424950774099285, 0.3280754511908478, 0.3409227929967594, 0.2730617336221344, 0.2699979497605498, 0.3132497119005534, 0.31848628983971616, 0.2982527128692328, 0.3415822226233185, 0.30673824609783157, 0.3692014202769751, 0.3158909405673504, 0.34170860754555676, 0.30236148720039396, 0.3293452183170719, 0.3362655000297716, 0.33567734193799414, 0.2470176289587023], "Density_distance": [0.11008375475287241, 0.09375581118228177, 0.10822947477359243, 0.09666500438559263, 0.11093521538374479, 0.09955214447861506, 0.10469588962236019, 0.10634616744910863, 0.11263045505692564, 0.11676129018040785, 0.11246802081360904, 0.08292339196750961, 0.09151774559862795, 0.11181891365714897, 0.11545594655888773, 0.09700084365525542, 0.10226278895396544, 0.08535352991235345, 0.17519403254697372, 0.11527264674323498], "Degree_distance": [2.511104441242434, 2.185219549816857, 2.4299671473770457, 2.4123028125773702, 2.664635213801475, 2.294357488968342, 2.3518602664028445, 2.3838915882029186, 2.50944309349739, 2.377281608462667, 2.471027752516875, 2.427303377229336, 2.660874051723342, 2.5722956613919417, 2.54825355507402, 2.641238939390746, 2.713325279072772, 2.4880297173238812, 2.5425527600266857, 2.2592092507683446], "MMD": [518.0762329101562, 455.78387451171875, 388.7677001953125, 672.495361328125, 461.7486877441406, 525.604736328125, 175.2054443359375, 393.54302978515625, 496.92083740234375, 676.1695556640625, 492.94927978515625, 645.438720703125, 1186.5068359375, 667.6522827148438, 186.77322387695312, 1091.0919189453125, 1046.5853271484375, 536.2113037109375, 53.74140548706055, 196.63497924804688], "KID": [33531.74609375, 18490.28125, 37310.70703125, 44848.52734375, 71642.078125, 67383.84375, 6263.859375, 6764.9033203125, 23050.994140625, 69251.3984375, 15239.712890625, 27910.720703125, 112698.3046875, 47986.94921875, 5164.2099609375, 178565.640625, 179651.203125, 25782.361328125, 145.9986572265625, 5619.34716796875], "FID": [1392.0949966593407, 1170.5540190902727, 1361.3905739398433, 1623.0292196841083, 1743.8328425119637, 1716.334453306522, 733.8700243811622, 827.9686834083536, 1262.3858111151515, 1805.248236924056, 1134.0503278975127, 1391.3881397527027, 2354.3866557818315, 1641.834183792093, 654.3680868449055, 2612.704385278627, 2619.1402334683125, 1313.3220423024002, 179.87771574214744, 743.0185121519186], "Precision": [0.6, 0.55, 0.55, 0.45, 0.75, 0.65, 0.75, 0.6, 0.6, 0.6, 0.5, 0.55, 0.4, 0.55, 0.7, 0.55, 0.55, 0.6, 0.8, 0.7], "Recall": [0.1, 0.75, 0.2, 0.15, 0.4, 0.6, 0.6, 0.6, 0.45, 0.35, 0.6, 0.6, 0.0, 0.4, 0.65, 0.6, 0.4, 0.5, 0.4, 0.5], "Density": [0.2, 0.30000000000000004, 0.2, 0.16000000000000003, 0.25, 0.32000000000000006, 0.4, 0.30000000000000004, 0.22000000000000003, 0.22000000000000003, 0.27999999999999997, 0.27999999999999997, 0.16000000000000003, 0.21000000000000002, 0.33, 0.38, 0.21000000000000002, 0.32000000000000006, 0.36000000000000004, 0.49000000000000005], "Coverage": [0.2, 0.65, 0.15, 0.2, 0.3, 0.65, 0.7, 0.7, 0.3, 0.3, 0.7, 0.7, 0.15, 0.25, 0.7, 0.7, 0.25, 0.65, 0.4, 0.65], "F1_PR": [0.17144367332361932, 0.6346256212981338, 0.29334551105303863, 0.22501249991666947, 0.5217500566946662, 0.6240100159997439, 0.6666767901216277, 0.6000099999999999, 0.5142959183634598, 0.44211595566409123, 0.5454646280976709, 0.5739230623815238, 1.999950002499875e-05, 0.4631681440390729, 0.6740840877912918, 0.5739230623815238, 0.4631681440390729, 0.5454646280976709, 0.5333444444259262, 0.5833436111064815]}