{"Frobenius_distance": [1.7901438494523365, 1.888534911473592, 1.5913845201333365, 1.6577696243921916, 1.6983392675717672, 1.7262498060862224, 1.4455464482307434, 1.4865689257780712, 1.7014023741086324, 1.7724997301896415, 2.140509323279063, 2.336141649881999, 1.6882976571718853, 1.750949474175771, 1.764338360230128, 1.7896335164705912, 1.6039289792378744, 1.722505744298299, 2.0876090923945108, 1.990548743804296], "JSD": [0.38829661152946454, 0.37658409190674624, 0.3873740165804823, 0.384515394239376, 0.3957583856924127, 0.3763538490515202, 0.3784138465455423, 0.3744285751444598, 0.39046837558659414, 0.3898444638277094, 0.40061734749469907, 0.396210404811427, 0.3602285789636274, 0.3890570988257726, 0.3821129391435534, 0.3867069499877591, 0.38967892176782093, 0.37900698430991425, 0.39546125750057404, 0.3785202031373046], "Centrality_distance": [0.49567475135659367, 0.48790185220014726, 0.494136511918567, 0.42991393633654285, 0.5127873115716852, 0.42634061085508823, 0.4807974200018611, 0.4456940642984494, 0.5085829121844482, 0.5122264108391938, 0.49104209446093616, 0.4683275345925356, 0.4229549501662436, 0.4580052900462189, 0.4751862294571073, 0.48597744695674927, 0.4839302639594738, 0.46436002819567, 0.48928420562171593, 0.4825158619085246], "Density_distance": [0.40256385932376193, 0.391054973667195, 0.37787566447279786, 0.3626703665245368, 0.38575900255335305, 0.37563536906759765, 0.37502074024465976, 0.3568279400098434, 0.42027737857508674, 0.3850965568709471, 0.3989705037433928, 0.4079348650302432, 0.37146106034959164, 0.39452914957260654, 0.3960397953800509, 0.3915451017068487, 0.4085850422911498, 0.3884849189829056, 0.3932496921344959, 0.413667841236989], "Degree_distance": [8.473177051254034, 8.263739374647942, 9.180900006309816, 9.490839480513532, 8.081937643899156, 8.634960952878664, 7.887315652730175, 5.687991366187772, 8.49661062613563, 9.38665978968857, 10.890354657751232, 12.327324933394037, 9.426805976917466, 9.970952543101907, 10.085540075447438, 9.291640491554846, 9.860783121667037, 8.244725381179807, 11.02763851009654, 10.179155058019573], "MMD": [1983788032.0, 2054026368.0, 1886460032.0, 1803005440.0, 1825519616.0, 1836288512.0, 1890978432.0, 1005593280.0, 2424293120.0, 2094998016.0, 3324909312.0, 3336922112.0, 1457349632.0, 2360384512.0, 2560387328.0, 2971444736.0, 2876739072.0, 2087773568.0, 2670246400.0, 2234565888.0], "KID": [1.3270343591526848e+23, 1.5976577324172065e+23, 1.3653553983099878e+23, 1.715126922937762e+23, 1.4484594215139301e+23, 1.6802296102891787e+23, 1.7820143846034687e+23, 5.193004803648856e+22, 2.078895815351389e+23, 1.8561447153338976e+23, 3.58660441341902e+23, 3.309295086219697e+23, 1.4138885297663385e+23, 2.075285910034074e+23, 2.7035553518748272e+23, 2.7928819086119147e+23, 2.7165855266047057e+23, 1.737091158464433e+23, 2.6409729711649166e+23, 2.0241034009889337e+23], "FID": [3049432501.8701377, 3262149529.1120086, 3041096588.652365, 3270799033.649235, 3113271997.0355797, 3265904397.134594, 3305521104.2064834, 2038399695.9471328, 3635067774.543237, 3416479381.453589, 4525126838.196658, 4421677145.883204, 2954399753.4925685, 3635296114.83227, 3972926634.4119363, 4127665145.593701, 4066685382.7926364, 3376450941.5394073, 3943396213.2029405, 3561556740.103392], "Precision": [0.05, 0.05, 0.0, 0.0, 0.05, 0.05, 0.05, 0.05, 0.0, 0.05, 0.1, 0.0, 0.05, 0.0, 0.1, 0.05, 0.05, 0.05, 0.0, 0.05], "Recall": [1.0, 1.0, 1.0, 1.0, 1.0, 1.0, 1.0, 1.0, 1.0, 1.0, 1.0, 1.0, 1.0, 1.0, 1.0, 1.0, 1.0, 1.0, 1.0, 1.0], "Density": [0.010000000000000002, 0.010000000000000002, 0.0, 0.0, 0.010000000000000002, 0.010000000000000002, 0.010000000000000002, 0.020000000000000004, 0.0, 0.010000000000000002, 0.020000000000000004, 0.0, 0.010000000000000002, 0.0, 0.06999999999999999, 0.010000000000000002, 0.010000000000000002, 0.020000000000000004, 0.0, 0.010000000000000002], "Coverage": [0.05, 0.05, 0.0, 0.0, 0.05, 0.05, 0.05, 0.1, 0.0, 0.05, 0.05, 0.0, 0.05, 0.0, 0.35, 0.05, 0.05, 0.1, 0.0, 0.05], "F1_PR": [0.09525628102321862, 0.09525628102321862, 1.9999800003999925e-05, 1.9999800003999925e-05, 0.09525628102321862, 0.09525628102321862, 0.09525628102321862, 0.09525628102321862, 1.9999800003999925e-05, 0.09525628102321862, 0.1818348759113471, 1.9999800003999925e-05, 0.09525628102321862, 1.9999800003999925e-05, 0.1818348759113471, 0.09525628102321862, 0.09525628102321862, 0.09525628102321862, 1.9999800003999925e-05, 0.09525628102321862]}