{"Frobenius_distance": [1.339027112722397, 0.9627015292644501, 1.2301723142464955, 1.005328134695689, 1.1266608397165936, 0.7664090991020204, 0.8372305671374003, 0.879392288128535, 0.9093965907891592, 1.150115168094635, 1.0067478994528452, 0.9872338473796844, 0.9145020922025044, 0.9484955330689748, 1.0751939475536347, 0.833049762248993, 1.0004517197608949, 1.1347360769907633, 0.9528362274169924, 0.910834268728892], "JSD": [0.182370616743962, 0.15041732229292393, 0.199778395332396, 0.17612473654250302, 0.17092594852050147, 0.1387689357002576, 0.18040485512465237, 0.14186599142849446, 0.1490561952193578, 0.15118715533365804, 0.1566161426405112, 0.13767218887805938, 0.15077700031300384, 0.17140548552076024, 0.17290269657969476, 0.1720780439674854, 0.13436121953030428, 0.18370432099327444, 0.18130760751664637, 0.14259932929029068], "Centrality_distance": [0.20690455156774815, 0.17931462601428327, 0.23441425975039668, 0.22569676388662313, 0.22490998665595213, 0.18387148689947433, 0.26408761130908537, 0.27364820927586603, 0.2354276413948732, 0.2663978564890269, 0.2070251488097834, 0.17412857149229144, 0.2358023747613196, 0.25246238965643697, 0.23337171208829058, 0.20130840005471115, 0.20047265344772178, 0.23687276304335514, 0.26468104787143915, 0.23320242602451569], "Density_distance": [0.1507919531448943, 0.13178712995838235, 0.1306949463934758, 0.11543834433540315, 0.13480736968109092, 0.12712099648480724, 0.14158224868103383, 0.08667457678487091, 0.07009943895973308, 0.11034661417014358, 0.12567677828707238, 0.18116614195243225, 0.22057840851672322, 0.07890573342779225, 0.11474490879139837, 0.13725178396121662, 0.1390993633273045, 0.12239891100185218, 0.11620062573029104, 0.11904705180440475], "Degree_distance": [2.1564768139954364, 2.0115064044038995, 1.925884339270802, 1.859710735848537, 1.7241450529128985, 1.8576366380182465, 2.3607971015400073, 1.4597615975534963, 1.9490988775405222, 2.0018611010587795, 1.6503190432056056, 2.294516299316119, 2.3647969600925403, 1.4812066690449264, 2.147766976931643, 1.7161072625258147, 1.96136169921365, 1.9577736632652805, 2.0703264282081686, 2.0948040746260586], "MMD": [513730.40625, 14158863.0, 323453.71875, 35758.1953125, 263806.53125, 355495.90625, 2544104.75, 2426.97900390625, 1690.4547119140625, 1745.3544921875, 136579.796875, 16547766.0, 15820592.0, 3026.166259765625, 8303808.0, 120361.9375, 9900.2021484375, 507224.65625, 12888601.0, 170607.828125], "KID": [1656809941106688.0, -13137192960.0, 4996971102208.0, 85344215040.0, 152972165120.0, 486068060160.0, 729611998593024.0, 6018249.5, 2486369.75, 1687060.5, 520003190784.0, -16786870272.0, 3.3069458724025795e+18, 9769438.0, 189619652001792.0, 175163523072.0, 6909471232.0, 1356741782536192.0, 189614232961024.0, 40679833600.0], "FID": [5090481.949519978, 293684204.6319771, 5053416.9637838015, 336985.76732534583, 4818101.795796584, 6701787.959302699, 47248214.28073559, 8824.651919058828, 6485.000192864605, 6636.78904409157, 1921034.3714509215, 341955540.51293117, 179948408.4991266, 10351.03018522975, 168516799.57341093, 1631807.8222597989, 87060.90136088105, 4710428.020694934, 261586225.3451521, 3086082.473212719], "Precision": [0.5, 0.45, 0.55, 0.6, 0.5, 0.6, 0.45, 0.65, 0.6, 0.5, 0.6, 0.65, 0.6, 0.6, 0.55, 0.4, 0.65, 0.6, 0.45, 0.6], "Recall": [0.85, 0.95, 0.85, 1.0, 1.0, 0.9, 1.0, 0.95, 0.95, 0.65, 0.6, 0.6, 0.95, 0.7, 0.7, 0.8, 1.0, 1.0, 1.0, 0.95], "Density": [0.27, 0.24, 0.22000000000000003, 0.24, 0.41, 0.22000000000000003, 0.13999999999999999, 0.29, 0.24, 0.15000000000000002, 0.21000000000000002, 0.22999999999999998, 0.25, 0.16000000000000003, 0.25, 0.09000000000000001, 0.27, 0.22999999999999998, 0.27999999999999997, 0.34], "Coverage": [0.7, 0.65, 0.35, 0.55, 1.0, 0.35, 0.35, 0.6, 0.45, 0.2, 0.35, 0.4, 0.55, 0.15, 0.4, 0.15, 0.65, 0.45, 0.65, 1.0], "F1_PR": [0.629640301773307, 0.6107255612062685, 0.6678676020342567, 0.7500106249921876, 0.6666777777629631, 0.7200103999946668, 0.620701093915946, 0.7718853515581056, 0.7354943808466987, 0.5652275614337141, 0.6000099999999999, 0.6240100159997439, 0.7354943808466987, 0.6461639053245334, 0.616010143997696, 0.5333444444259262, 0.7878892378274203, 0.7500106249921876, 0.620701093915946, 0.7354943808466987]}