{"Frobenius_distance": [0.9572608549888728, 0.9430029302214002, 0.8738846674742373, 0.8936708900654312, 0.9240567144003012, 0.9222443831753516, 0.8760831403019939, 0.9310778495922587, 0.9398814971512661, 0.8914832536041868, 0.9184405397281741, 0.8454184624587047, 0.9147134400326775, 0.8864185814717608, 0.9183088677863708, 0.9198453286838353, 0.8700762367716023, 0.9039703940106002, 0.9227648606279953, 0.8996919931001541], "JSD": [0.08964131411925592, 0.08749496486647258, 0.07723101999731245, 0.08017633282598322, 0.08655868774373288, 0.08652739681969021, 0.08092009462369794, 0.08587020892696846, 0.08766958404644289, 0.08784970799678402, 0.08643862466069001, 0.07868086974273635, 0.08138244815026993, 0.08140570579280447, 0.08606078851941382, 0.08831341122791583, 0.07938835113252801, 0.0840569503174053, 0.08421421117858889, 0.08441168081039696], "Centrality_distance": [0.20450575536875729, 0.2048066670203318, 0.1610597399155938, 0.21030083221641682, 0.20756686134583624, 0.20361473681819334, 0.21397341811411447, 0.18449201194163062, 0.21642706399270373, 0.2108178991298189, 0.22135033741082796, 0.1979612397232109, 0.21314438867026092, 0.1935561721636137, 0.2198035298902897, 0.221373247904058, 0.20141951855446394, 0.19384442599877258, 0.2069057090143131, 0.19782577315630276], "Density_distance": [0.023956343868808853, 0.03070237954458309, 0.02976091317127731, 0.027465871136506052, 0.028389795700720064, 0.03058392026412567, 0.03038322339209361, 0.03305950196706499, 0.02959502863564488, 0.025499658423327888, 0.029601607801887916, 0.028174490162118544, 0.028910908747510053, 0.03178753358375207, 0.030806534260082345, 0.0281770967041742, 0.03242612122980937, 0.026785282402696037, 0.024868269806411727, 0.035139645472278526], "Degree_distance": [0.5772660351875147, 0.5785594302674147, 0.45783335852993245, 0.5638228918449141, 0.5290159749681274, 0.5223360102951851, 0.6528248936201614, 0.5274701641955378, 0.6545664050568457, 0.5748635653117516, 0.5377740558251602, 0.4788155090464593, 0.5114496943371363, 0.5602002595895743, 0.5849191149769618, 0.5816785156922488, 0.5149968706417676, 0.5632627073404787, 0.5866261642711148, 0.5669261429662502], "MMD": [31.3190860748291, 31.420007705688477, 26.549705505371094, 25.159622192382812, 26.246143341064453, 26.670984268188477, 30.275114059448242, 26.85921287536621, 27.09889793395996, 29.243574142456055, 24.450193405151367, 20.214141845703125, 28.33586883544922, 27.436439514160156, 31.549636840820312, 26.543766021728516, 27.460477828979492, 26.550840377807617, 28.897686004638672, 28.470447540283203], "KID": [2.6754422187805176, 2.991145610809326, 2.307163715362549, 8.082185745239258, 5.504055500030518, 4.324103355407715, 2.8550314903259277, 5.229257106781006, 2.6358261108398438, 5.017401695251465, 2.659921169281006, 2.4155569076538086, 5.272058486938477, 2.558614730834961, 3.074012279510498, 2.871427536010742, 2.6407151222229004, 2.7767934799194336, 3.450420379638672, 3.061844825744629], "FID": [36.54913157184633, 35.9086572165362, 30.44541317577479, 54.640646049421136, 46.15976377198042, 40.53993257239728, 34.85637119797512, 50.84680479046243, 32.237592602103234, 45.051956358843626, 36.08823533647548, 29.82409802438164, 44.558371575502434, 31.445427251338856, 33.39671137233967, 32.45273005109517, 32.86379906151052, 33.834908243058194, 38.95513718418691, 37.31531465076941], "Precision": [0.38028169014084506, 0.36619718309859156, 0.4084507042253521, 0.4084507042253521, 0.352112676056338, 0.4225352112676056, 0.39436619718309857, 0.38028169014084506, 0.3873239436619718, 0.36619718309859156, 0.4084507042253521, 0.4647887323943662, 0.3873239436619718, 0.4154929577464789, 0.38028169014084506, 0.4014084507042254, 0.3591549295774648, 0.4014084507042254, 0.352112676056338, 0.36619718309859156], "Recall": [0.852112676056338, 0.7253521126760564, 0.795774647887324, 0.7887323943661971, 0.9014084507042254, 0.8873239436619719, 0.8169014084507042, 0.8098591549295775, 0.7676056338028169, 0.7464788732394366, 0.852112676056338, 0.8450704225352113, 0.8802816901408451, 0.8169014084507042, 0.6338028169014085, 0.8028169014084507, 0.8309859154929577, 0.7887323943661971, 0.8028169014084507, 0.852112676056338], "Density": [0.23521126760563382, 0.22676056338028172, 0.27042253521126763, 0.2661971830985916, 0.23802816901408452, 0.2605633802816902, 0.25070422535211273, 0.2661971830985916, 0.2802816901408451, 0.24929577464788732, 0.30845070422535215, 0.36056338028169016, 0.24788732394366197, 0.31971830985915495, 0.22816901408450707, 0.28450704225352114, 0.21830985915492962, 0.26760563380281693, 0.21830985915492962, 0.25070422535211273], "Coverage": [0.5352112676056338, 0.4014084507042254, 0.5422535211267606, 0.4507042253521127, 0.5211267605633803, 0.5492957746478874, 0.5774647887323944, 0.6338028169014085, 0.5422535211267606, 0.5070422535211268, 0.5211267605633803, 0.6267605633802817, 0.5704225352112676, 0.6267605633802817, 0.352112676056338, 0.5140845070422535, 0.5492957746478874, 0.528169014084507, 0.44366197183098594, 0.5633802816901409], "F1_PR": [0.5258867172811853, 0.4866989517528186, 0.539834772237289, 0.5382048780766184, 0.5064211621501237, 0.5724783195129527, 0.531947017705515, 0.5175544313976875, 0.5148685214640786, 0.49136435044649457, 0.5522183360383288, 0.5997382394970308, 0.5379614340745565, 0.5508360105789317, 0.4753627376637302, 0.5352223786982917, 0.501553366846863, 0.5320553961468724, 0.48953402373547344, 0.5122642977321017]}