{"Frobenius_distance": [0.5115376099707588, 0.5358233572759251, 0.5212805876990103, 0.495794578983225, 0.5508471648046764, 0.560256484576634, 0.5386061976084336, 0.5712686436442693, 0.5021888744003706, 0.5249480949730432, 0.5799290680658992, 0.5760690994734634, 0.5170654487580182, 0.5359248892117466, 0.5769698619026281, 0.5165275780241178, 0.5172604650305396, 0.5305010351146302, 0.5127948181079327, 0.5230815710510897], "JSD": [0.03265701584631581, 0.04020158561300794, 0.03490250319928868, 0.03575596098671848, 0.03734308519895448, 0.04161984741599657, 0.03750561846033495, 0.035949015871984284, 0.03295351474424444, 0.03745764655452668, 0.039338522926877305, 0.03861934780573644, 0.035939289553631806, 0.03824593261408353, 0.044486171822476675, 0.03283914582977182, 0.04051787276789105, 0.03942953890129817, 0.03417396797913649, 0.037068858818773386], "Centrality_distance": [0.1560942345367539, 0.2051485689359616, 0.17957245098307667, 0.17123581308270835, 0.20049543006742318, 0.20387125981391335, 0.17689335265739103, 0.17516139801458255, 0.18580173384493745, 0.165049803325778, 0.1813472930623756, 0.1786149839677886, 0.1915699271970774, 0.16449592945509373, 0.1685243483541675, 0.16321725622717442, 0.18036442457343957, 0.18746179823963757, 0.19799863323799335, 0.19007873539325826], "Density_distance": [0.022678270479390923, 0.018578566495233158, 0.01855800215277339, 0.01970630827656971, 0.017302641422622743, 0.02077057405021924, 0.016464835610493868, 0.02125345014117189, 0.02089111747608479, 0.017880673421056235, 0.02152298893311965, 0.023746750750719, 0.016028758693324516, 0.018354509420102322, 0.020603607712617978, 0.026281181772544984, 0.01859681172823096, 0.02091076001323433, 0.025440820375460894, 0.019921427433098764], "Degree_distance": [0.44004490600565027, 0.43083661244684496, 0.4385460947475719, 0.42848812040726264, 0.4496393657771981, 0.4451098429462878, 0.49802855880537694, 0.3905629832490977, 0.49887041769135887, 0.4100903836889402, 0.5017645239379255, 0.5209545514749343, 0.4206461097236044, 0.41104739939555557, 0.4512895529484328, 0.410295322798159, 0.4767796394931524, 0.45190586368713237, 0.47960243725268176, 0.3646480920018375], "MMD": [29.605051040649414, 29.643892288208008, 29.513294219970703, 25.137208938598633, 28.4190616607666, 25.42789077758789, 32.27207565307617, 21.638364791870117, 24.094730377197266, 25.167863845825195, 33.12525939941406, 30.501708984375, 24.73932456970215, 31.03032112121582, 25.049074172973633, 28.57115364074707, 26.500484466552734, 22.984130859375, 27.811281204223633, 17.419315338134766], "KID": [653.61767578125, 2.878422260284424, 2.9458441734313965, 322.31597900390625, 16.786823272705078, 2.363368511199951, 3.4072327613830566, 3.7953219413757324, 2.1341209411621094, 11.820981979370117, 3.1386032104492188, 74.27194213867188, 2.049220561981201, 9.646255493164062, 3.2363548278808594, 22.519485473632812, 3.235466480255127, 4.066798686981201, 602.3703002929688, 10.317458152770996], "FID": [266.9740293109555, 30.869127835261466, 33.57087107702199, 267.05420470092525, 56.895441516726265, 27.059618158668926, 33.958568665747705, 65.52092108513861, 26.109779788330584, 50.89914535702374, 34.86458833248825, 154.26281819848566, 35.01152562297128, 869.6731964654984, 34.69667562083663, 123.12868284564189, 36.44968006724487, 57.354075096960585, 218.91765626592698, 50.264039651042665], "Precision": [0.4507042253521127, 0.4788732394366197, 0.47183098591549294, 0.47183098591549294, 0.44366197183098594, 0.5070422535211268, 0.4788732394366197, 0.49295774647887325, 0.45774647887323944, 0.43661971830985913, 0.49295774647887325, 0.39436619718309857, 0.47183098591549294, 0.44366197183098594, 0.5070422535211268, 0.47183098591549294, 0.4507042253521127, 0.4647887323943662, 0.45774647887323944, 0.5], "Recall": [0.9154929577464789, 0.9084507042253521, 0.8732394366197183, 0.9014084507042254, 0.9084507042253521, 0.9014084507042254, 0.9084507042253521, 0.8450704225352113, 0.9436619718309859, 0.8873239436619719, 0.7323943661971831, 0.8661971830985915, 0.9084507042253521, 0.9647887323943662, 0.8873239436619719, 0.8943661971830986, 0.9084507042253521, 0.971830985915493, 0.9084507042253521, 0.8591549295774648], "Density": [0.3014084507042254, 0.3647887323943662, 0.38450704225352117, 0.29577464788732394, 0.30563380281690145, 0.38309859154929576, 0.38450704225352117, 0.35774647887323946, 0.3464788732394366, 0.33380281690140845, 0.29577464788732394, 0.24647887323943662, 0.34225352112676055, 0.3070422535211268, 0.34788732394366195, 0.3732394366197183, 0.38309859154929576, 0.3619718309859155, 0.32535211267605635, 0.39577464788732397], "Coverage": [0.5915492957746479, 0.7112676056338029, 0.7394366197183099, 0.6267605633802817, 0.5563380281690141, 0.6619718309859155, 0.7253521126760564, 0.5492957746478874, 0.6971830985915493, 0.6549295774647887, 0.5070422535211268, 0.5140845070422535, 0.6619718309859155, 0.5633802816901409, 0.6267605633802817, 0.676056338028169, 0.7253521126760564, 0.7253521126760564, 0.6408450704225352, 0.6126760563380281], "F1_PR": [0.6040477480636329, 0.6271647444425059, 0.6126500764880891, 0.6194403754466663, 0.5961819562710342, 0.6490248684959096, 0.6271647444425059, 0.622694161746896, 0.6164737968886684, 0.5852673770379453, 0.589293205191396, 0.5419895267328845, 0.6210946453357369, 0.6078282703890112, 0.6453372482724183, 0.6177690514785001, 0.602506938080523, 0.6288430600733063, 0.6087667148465238, 0.6321350505951103]}