{"Frobenius_distance": [0.6368670829129746, 0.655854890549105, 0.6137377762698029, 0.6140738135589234, 0.6280363539576419, 0.648418340726022, 0.6378028060356256, 0.6279311415379639, 0.5964344528950971, 0.6375357976406487, 0.6129000592484045, 0.6179694737706867, 0.6601557199768734, 0.6457332006986364, 0.5988243406077913, 0.6092434279353975, 0.5989561615797577, 0.6568364842153953, 0.6315289367221057, 0.6388392548378554], "JSD": [0.21426822827455586, 0.21433733958658788, 0.2395295508608507, 0.21625726774109977, 0.20802407987538107, 0.21393081706279288, 0.2182947788416233, 0.23656239310106147, 0.20461242986287037, 0.22378163289665998, 0.2250391478619257, 0.21930513261233908, 0.2244306550797457, 0.21060486471247414, 0.20635981384602162, 0.21893655285297192, 0.21627091692599426, 0.23335233535655273, 0.21025147055349075, 0.23253510653453197], "Centrality_distance": [0.33221481970276984, 0.3267954739796933, 0.3437152895094501, 0.3351588662522985, 0.3171758545530833, 0.3304759932685953, 0.33761513726436, 0.3584692333499573, 0.30637203585160266, 0.34010107038357235, 0.33738284636994154, 0.33181421245211057, 0.34168616367085053, 0.31714528801535075, 0.3211305182133677, 0.31876254405230486, 0.3328147908942688, 0.3611757308015311, 0.3195455344085019, 0.35463914622050924], "Density_distance": [0.29182773704997733, 0.28757750642012314, 0.29607139708236674, 0.30328457965246014, 0.28082919981972215, 0.28817163573145277, 0.3026043309686099, 0.31701796029890017, 0.26806290815364275, 0.294653491679468, 0.3058388810637023, 0.2829086082469056, 0.3219896286710627, 0.27857349212001004, 0.2722612400959721, 0.27810569819168507, 0.28876874149729487, 0.3085082473632274, 0.2762156634437863, 0.2993410594879771], "Degree_distance": [3.314327107628723, 2.891546641193276, 2.9381782898562743, 3.189167135839091, 3.3871578590228344, 3.0246537422857562, 3.072744659290225, 3.474820051450722, 2.8028177917534127, 2.926401592611036, 3.188419547101854, 3.0307234136803762, 3.307981534891878, 2.564172984541547, 2.8434509409067266, 2.7787202460156832, 3.096372517238639, 3.6921599873352116, 2.7632235075931892, 3.2546570274616466], "MMD": [1347281024.0, 851612416.0, 974681984.0, 827844608.0, 884249920.0, 994100224.0, 473252000.0, 1164959488.0, 650332288.0, 483614464.0, 536554784.0, 760580864.0, 753848064.0, 248099696.0, 818961664.0, 342550336.0, 390962784.0, 2237872896.0, 731522304.0, 592113152.0], "KID": [1.2081303037764505e+26, 8.852297333068034e+25, 8.960963413057443e+25, 7.987622806682566e+25, 9.529212597236454e+25, 7.08266935344355e+25, 3.728393654416926e+25, 1.0445823009224249e+26, 6.214126083657222e+25, 3.902711696564666e+25, 5.4580272482152006e+25, 6.342896808843965e+25, 6.023755223647938e+25, 1.8267183466896063e+25, 7.676381500804707e+25, 2.5289639880671414e+25, 3.5290110987590324e+25, 2.2717936400675594e+26, 5.951654740930039e+25, 4.498834372207655e+25], "FID": [15619451161.484154, 12983887709.330244, 13338960790.219261, 12533615589.861168, 13311495595.788864, 12622511759.278513, 9025277954.225323, 14466367130.319494, 11131917014.186695, 9188564045.95814, 10284136805.793234, 11598759232.904333, 11299751828.655285, 6526054650.830638, 12375156703.626299, 7595759150.17722, 8532253430.75347, 20663707592.53644, 11261169199.421627, 9932855766.066492], "Precision": [0.04929577464788732, 0.04225352112676056, 0.035211267605633804, 0.035211267605633804, 0.056338028169014086, 0.04225352112676056, 0.04929577464788732, 0.028169014084507043, 0.07042253521126761, 0.04929577464788732, 0.02112676056338028, 0.04929577464788732, 0.04929577464788732, 0.056338028169014086, 0.02112676056338028, 0.02112676056338028, 0.035211267605633804, 0.02112676056338028, 0.04929577464788732, 0.007042253521126761], "Recall": [0.676056338028169, 0.8380281690140845, 0.9577464788732394, 0.823943661971831, 0.971830985915493, 0.9929577464788732, 0.7746478873239436, 1.0, 0.5985915492957746, 0.9577464788732394, 1.0, 0.9788732394366197, 0.9859154929577465, 0.8028169014084507, 0.971830985915493, 1.0, 0.9929577464788732, 0.9929577464788732, 0.9929577464788732, 1.0], "Density": [0.02112676056338028, 0.016901408450704227, 0.02112676056338028, 0.009859154929577466, 0.032394366197183104, 0.009859154929577466, 0.029577464788732397, 0.018309859154929577, 0.028169014084507046, 0.015492957746478873, 0.008450704225352114, 0.02535211267605634, 0.018309859154929577, 0.02535211267605634, 0.004225352112676057, 0.015492957746478873, 0.028169014084507046, 0.018309859154929577, 0.02535211267605634, 0.0014084507042253522], "Coverage": [0.056338028169014086, 0.04225352112676056, 0.056338028169014086, 0.028169014084507043, 0.09154929577464789, 0.028169014084507043, 0.09154929577464789, 0.07042253521126761, 0.06338028169014084, 0.04929577464788732, 0.04225352112676056, 0.08450704225352113, 0.06338028169014084, 0.08450704225352113, 0.014084507042253521, 0.04929577464788732, 0.1056338028169014, 0.07746478873239436, 0.07746478873239436, 0.007042253521126761], "F1_PR": [0.09190861883802783, 0.08046887619968486, 0.0679439138752978, 0.06755479338118942, 0.10651995401629097, 0.08107620904566525, 0.09271065942446535, 0.05481345450814518, 0.1260355060366142, 0.09378352718467235, 0.0413984997011093, 0.0938827311887404, 0.09391489939791946, 0.1053050113500244, 0.04137367689823097, 0.0413984997011093, 0.06802948143466753, 0.04139242328327163, 0.09394663290991054, 0.014005736028739009]}