{"Frobenius_distance": [2.29374825557073, 2.575964911778768, 2.23964609503746, 2.080647764603297, 2.4301411906878156, 2.915148228406906, 2.2196321805318195, 2.2670841117699942, 3.120459926128388, 2.790125012397766, 2.272649908065796, 2.1708070913950603, 3.200586074590683, 2.256319969892502, 2.6645516137282055, 3.0020986755688988, 2.283220362663269, 1.6563947399457295, 2.963825575510661, 1.9003804763158163], "JSD": [0.4041289500426501, 0.39405221965474385, 0.39412863927427677, 0.39849653993733225, 0.39887712668472275, 0.4090251085930504, 0.3998979128121088, 0.40155922432119645, 0.40461990698240696, 0.3915582341297219, 0.389137150448126, 0.40066078396824495, 0.41053104479797187, 0.4001774667917441, 0.3991026958140234, 0.40657196924245603, 0.38985518897728366, 0.3807124886661768, 0.4002624963837055, 0.39220387979100146], "Centrality_distance": [0.4969164173813254, 0.47176322663924325, 0.4962604295354722, 0.5104952520741755, 0.49271565219771674, 0.49585135162196203, 0.5030350799947891, 0.49954718029031747, 0.4904891953763618, 0.4917428704279238, 0.47079013550929966, 0.5077664098157035, 0.5222914826347743, 0.5005478759015707, 0.4943166094601408, 0.5020211821115781, 0.48329834950659734, 0.45536199820977935, 0.5156680823044559, 0.48859667293656034], "Density_distance": [0.3813141346848591, 0.38747033597569164, 0.40266865319245143, 0.4177511959130834, 0.37851924733474984, 0.4219778399744132, 0.40823716872914373, 0.40424959875124333, 0.40085007803837736, 0.40636216711287876, 0.3683441551390554, 0.3978645520778913, 0.4285198914341586, 0.4108843617126595, 0.4006546811075986, 0.41039906497726064, 0.4002951856218934, 0.3643766064244769, 0.4140859634656646, 0.3948581505400811], "Degree_distance": [9.388588808955735, 12.053850348309988, 9.837570582498108, 10.963713149043306, 10.215800642618929, 13.873660879141887, 10.358365534058779, 10.78585478848606, 13.76847663237268, 12.272273369276908, 8.991715448314775, 8.963166629773866, 12.886249830573325, 10.15222369631442, 13.30126515443968, 13.350828070779723, 11.465054179744632, 6.817110339823752, 12.723228564891702, 8.4047638543533], "MMD": [2068909056.0, 2436030208.0, 2799861504.0, 3235699968.0, 1601311616.0, 4134138112.0, 2193924864.0, 1910700672.0, 3339190784.0, 2708397312.0, 1863812352.0, 1824212736.0, 3151773440.0, 2269259264.0, 2899486976.0, 3555831296.0, 3058909952.0, 1105164032.0, 3624011520.0, 2269264384.0], "KID": [2.15528172891919e+23, 2.5528764375580564e+23, 2.3408548934367977e+23, 3.440216168539238e+23, 1.403720392599654e+23, 5.00478865665393e+23, 2.2229708313185687e+23, 1.7767379672800414e+23, 4.219079136447827e+23, 3.007991661069654e+23, 1.6692121843047646e+23, 1.4830961558880738e+23, 3.395867962000625e+23, 2.574378243474989e+23, 3.470530077775054e+23, 4.04120100239753e+23, 3.47550025032382e+23, 1.090110341035866e+23, 4.0126816875412285e+23, 2.1925708132578775e+23], "FID": [3584171255.7261734, 3883125642.3945584, 3851094344.290578, 4439842707.690814, 2967010241.623944, 5189697527.176514, 3637743950.588996, 3313471269.310447, 4768448795.829963, 4151907111.6954927, 3265238739.9468083, 3131382933.6704693, 4390644171.789109, 3854996431.7228227, 4379017866.984827, 4765017557.742655, 4434349783.174157, 2615529382.0941234, 4751107739.800166, 3664630137.86211], "Precision": [0.05, 0.05, 0.0, 0.05, 0.0, 0.05, 0.0, 0.2, 0.05, 0.1, 0.05, 0.0, 0.0, 0.05, 0.05, 0.05, 0.15, 0.05, 0.05, 0.1], "Recall": [1.0, 1.0, 1.0, 1.0, 1.0, 1.0, 1.0, 1.0, 1.0, 1.0, 1.0, 1.0, 1.0, 1.0, 1.0, 1.0, 1.0, 1.0, 1.0, 1.0], "Density": [0.010000000000000002, 0.020000000000000004, 0.0, 0.010000000000000002, 0.0, 0.020000000000000004, 0.0, 0.06999999999999999, 0.020000000000000004, 0.03, 0.08000000000000002, 0.0, 0.0, 0.020000000000000004, 0.020000000000000004, 0.020000000000000004, 0.05, 0.020000000000000004, 0.010000000000000002, 0.020000000000000004], "Coverage": [0.05, 0.1, 0.0, 0.05, 0.0, 0.1, 0.0, 0.1, 0.1, 0.1, 0.4, 0.0, 0.0, 0.1, 0.1, 0.1, 0.1, 0.1, 0.05, 0.05], "F1_PR": [0.09525628102321862, 0.09525628102321862, 1.9999800003999925e-05, 0.09525628102321862, 1.9999800003999925e-05, 0.09525628102321862, 1.9999800003999925e-05, 0.333347777703705, 0.09525628102321862, 0.1818348759113471, 0.09525628102321862, 1.9999800003999925e-05, 1.9999800003999925e-05, 0.09525628102321862, 0.09525628102321862, 0.09525628102321862, 0.2608850282603781, 0.09525628102321862, 0.09525628102321862, 0.1818348759113471]}