{"Frobenius_distance": [2.3085743571061053, 2.53596620593089, 2.492322120685518, 2.340740136145905, 2.532801293878462, 2.5986148368626645, 2.492062944157563, 2.475319092878783, 2.476961420337223, 2.377745313996032, 2.5432153760156626, 2.4460897886024515, 2.486833126693576, 2.4195620622872713, 2.4613651793863935, 2.579002478194161, 2.514639853605998, 2.466889456256346, 2.519055423657786, 2.3310433294371857], "JSD": [0.29217888354125504, 0.30401120127868436, 0.3052970006903423, 0.29487521617808027, 0.30355233010072075, 0.3167946946236743, 0.30786990363779265, 0.30357563742390775, 0.3065105007381669, 0.29584963759240973, 0.3106144708798928, 0.2945286121424343, 0.3041928698710715, 0.30247066092714187, 0.295131745649977, 0.30166047241453675, 0.31240772684551343, 0.3164957478605789, 0.31568148947181685, 0.30345925335640705], "Centrality_distance": [0.3567950289123662, 0.33528164734786453, 0.371526399244691, 0.34353802978084064, 0.3587229878568114, 0.3601074610562426, 0.38766498229783924, 0.37722170641210734, 0.38251265432146614, 0.3420686331500823, 0.3735037895188771, 0.35791703921880125, 0.37358198678685867, 0.34835272755845365, 0.3867656160756972, 0.37275392188254325, 0.3746714108343312, 0.35992058423831824, 0.3743693290131734, 0.3212965420630564], "Density_distance": [0.1229547100502983, 0.1429290290319702, 0.13769930505224623, 0.12139762062556181, 0.1768473329502741, 0.14991736477030596, 0.14610834971129089, 0.13639445249739368, 0.10358859005917831, 0.14749312234606352, 0.1635218621248033, 0.16000764486058605, 0.13875691574220986, 0.1255370691400103, 0.15824281247075364, 0.167524143884438, 0.11259038619332738, 0.11155734516028633, 0.1289473163002575, 0.10993660478954596], "Degree_distance": [2.2778668738920516, 2.343723698834059, 2.4874498440087995, 2.498836432391615, 2.5530827616116474, 2.537021201714393, 2.499710643901637, 2.502140058043569, 2.436081565354778, 2.4477902454233016, 2.5354846054713995, 2.651350633449192, 2.4175378414477118, 2.144602428874821, 2.4888083075594816, 2.707816787431491, 2.196315066704702, 2.1559997284681915, 2.4007399587445044, 2.3319203732875406], "MMD": [204.16400146484375, 58.7984619140625, 132.58438110351562, 214.61471557617188, 111.27296447753906, 68.4732437133789, 197.10604858398438, 116.61038970947266, 401.6749267578125, 110.81507873535156, 86.00629425048828, 75.84197998046875, 96.32496643066406, 100.4990234375, 115.47205352783203, 74.89009857177734, 208.39955139160156, 137.58145141601562, 195.06747436523438, 167.0894775390625], "KID": [1043.7413330078125, 8.634618759155273, 1238.280517578125, 2736.585205078125, 319.668701171875, 8.31393051147461, 3998.768798828125, 283.8001708984375, 6597.95556640625, 125.08411407470703, 263.2409362792969, 16.485023498535156, 116.37313842773438, 217.7722625732422, 883.2210693359375, 26.663745880126953, 1540.067626953125, 159.40208435058594, 5226.78955078125, 651.9385375976562], "FID": [435.6312307034823, 80.57050362575296, 444.2166315206151, 585.9907709146019, 304.1652290345737, 85.37459869055898, 652.7429459075458, 282.6886641886985, 871.5459709906756, 225.49909377624425, 257.7024183289361, 219.44632330191487, 211.70927361897517, 323.77822258349624, 375.7162747874621, 124.99400898005827, 490.41008442991154, 257.59417875235965, 691.2383197971228, 368.315272474787], "Precision": [0.65, 1.0, 0.8, 0.7, 0.85, 1.0, 0.7, 0.9, 0.65, 0.85, 0.85, 0.95, 0.85, 0.8, 0.85, 0.85, 0.8, 0.9, 0.85, 0.85], "Recall": [0.45, 0.45, 0.1, 0.4, 0.1, 0.05, 0.1, 0.1, 0.15, 0.65, 0.35, 0.1, 0.1, 0.4, 0.1, 0.1, 0.1, 0.85, 0.65, 0.7], "Density": [0.25, 0.47000000000000003, 0.30000000000000004, 0.22000000000000003, 0.31000000000000005, 0.35000000000000003, 0.26, 0.33, 0.27, 0.25, 0.41, 0.36000000000000004, 0.32000000000000006, 0.34, 0.33, 0.31000000000000005, 0.30000000000000004, 0.33, 0.30000000000000004, 0.22000000000000003], "Coverage": [0.3, 0.4, 0.25, 0.25, 0.25, 0.25, 0.2, 0.25, 0.25, 0.25, 0.4, 0.25, 0.25, 0.4, 0.2, 0.2, 0.25, 0.3, 0.25, 0.25], "F1_PR": [0.5318285123906838, 0.620701093915946, 0.17779382702606608, 0.5091016528790386, 0.17896360097682154, 0.09525628102321862, 0.17501562485937852, 0.18001639987200255, 0.24376390615234617, 0.736676844442074, 0.4958450694155097, 0.18096893411554066, 0.17896360097682154, 0.5333444444259262, 0.17896360097682154, 0.17896360097682154, 0.17779382702606608, 0.8742957224488862, 0.736676844442074, 0.7677520291351079]}