{"Frobenius_distance": [1.2274203340212504, 1.0057094891866047, 1.0122215966383616, 0.8753693540891011, 1.0602740148703256, 1.0127590616544087, 1.1117200195789338, 1.0889474272727968, 1.144357087214788, 0.9889019827047985, 0.8083209713300069, 0.9835104286670684, 1.1386668622493743, 1.066829365491867, 0.9643673121929168, 1.1888169248898826, 0.8245794375737507, 0.9634525577227275, 0.8501548190911612, 0.9977263589700063], "JSD": [0.14607618153095245, 0.17117053593198459, 0.17815165209273498, 0.15304676474382478, 0.1706366157780091, 0.15195485651493074, 0.15979526663819948, 0.16060035402576128, 0.11982866028944651, 0.14894443340599536, 0.15212355280915896, 0.16250902712345125, 0.18774088236192865, 0.15655095179875692, 0.16999162522455058, 0.2050759792327881, 0.17067165536185103, 0.16859266733129818, 0.1548319224268198, 0.14072945937514306], "Centrality_distance": [0.19333513438930508, 0.25961386897233163, 0.228681735890077, 0.2446865683848304, 0.26183324267604, 0.20374187746842196, 0.23705603359887523, 0.26422000093187564, 0.19906220878856076, 0.26842881430884236, 0.24585283680072118, 0.20284911823434834, 0.25011753339709675, 0.2280792003935353, 0.26803033932147796, 0.2502016370667247, 0.20894295606519517, 0.17461629762014932, 0.24767530585006722, 0.17195118997110534], "Density_distance": [0.06928392413686532, 0.1598927783364058, 0.1408469580967209, 0.1366751621259294, 0.09077696812990929, 0.15993954166748287, 0.10281860704654824, 0.08510809588015468, 0.10593533645004233, 0.13849080082657955, 0.15047410641575729, 0.14701507072237624, 0.14141621314415434, 0.16111858557678993, 0.13047465470259587, 0.1319352461264226, 0.1868002041531453, 0.11106887529681647, 0.13284802925269457, 0.1356539617646429], "Degree_distance": [2.0742037555980213, 2.3032858111016816, 2.8960339894641773, 1.753645770558882, 1.9377550814108329, 2.0951969676969306, 1.5242742023083116, 2.0376122529242586, 1.7413616893714976, 1.9478682215801808, 2.748260955221304, 3.1841643250825893, 2.067612427516721, 2.0535238500184274, 2.371639613184328, 1.9746012711641598, 2.0481059545589297, 1.8664325651298643, 2.4418392746455417, 1.6132156293006559], "MMD": [370.0851745605469, 5615035.0, 15600970.0, 93910.3828125, 1805.459228515625, 6122389.5, 1631.9779052734375, 2415.476318359375, 1294.770751953125, 293746.9375, 58098072.0, 17670570.0, 227020.359375, 1481573.375, 1740745.25, 157282.9375, 1548586.625, 124010.390625, 9002019.0, 312013.40625], "KID": [15137.6953125, 7.221270076886876e+17, -15303532544.0, 5755135066112.0, 3484788.0, -3559588864.0, 642726.5, 15406929.0, 889135.9375, 211196706816.0, 2.9656991676169506e+21, 1516983925342208.0, 788271857664.0, 2.160157237497037e+16, 12777040117760.0, 4342049406976.0, 2325270061121536.0, 241214685184.0, 284431424159744.0, 57841209344.0], "FID": [1257.9236515180642, 77479478.5435578, 320717006.5614184, 763214.515044766, 8051.618217928855, 126650500.87839478, 4363.73804334811, 10834.697181178142, 15215.092362539874, 5817755.750976996, 605422179.8701783, 359137579.32773566, 3758243.266935798, 15204643.692946866, 34133258.94243654, 1918026.4781034244, 20443226.500653367, 1896212.739101365, 183953069.75940263, 6058485.110267464], "Precision": [0.55, 0.55, 0.6, 0.7, 0.6, 0.55, 0.45, 0.45, 0.7, 0.85, 0.6, 0.5, 0.45, 0.7, 0.7, 0.45, 0.35, 0.6, 0.65, 0.65], "Recall": [1.0, 0.9, 0.9, 0.9, 0.9, 0.7, 0.9, 1.0, 0.85, 0.9, 0.65, 0.65, 0.65, 0.95, 0.85, 1.0, 0.95, 0.85, 0.85, 1.0], "Density": [0.21000000000000002, 0.24, 0.35000000000000003, 0.26, 0.34, 0.41, 0.35000000000000003, 0.27, 0.43, 0.35000000000000003, 0.22999999999999998, 0.16000000000000003, 0.16000000000000003, 0.34, 0.26, 0.18000000000000002, 0.11000000000000001, 0.29, 0.30000000000000004, 0.26], "Coverage": [0.45, 0.5, 0.75, 0.4, 0.65, 0.6, 0.8, 0.75, 0.75, 0.8, 0.4, 0.25, 0.4, 0.7, 0.6, 0.4, 0.3, 0.7, 0.55, 0.45], "F1_PR": [0.7096882622159714, 0.6827692033213335, 0.7200103999946668, 0.7875101562480469, 0.7200103999946668, 0.616010143997696, 0.6000111110946506, 0.620701093915946, 0.7677520291351079, 0.8742957224488862, 0.6240100159997439, 0.5652275614337141, 0.5318285123906838, 0.8060708356262347, 0.7677520291351079, 0.620701093915946, 0.5115505916832049, 0.7034585731231293, 0.736676844442074, 0.7878892378274203]}