{"Frobenius_distance": [0.9768187449059493, 1.0596703697988838, 1.0553255312689696, 1.0426640044500395, 1.0566089053705237, 1.0273106794868538, 1.0273102613561924, 1.0309421802861944, 1.0111859839333428, 1.0286852283965753, 1.0382709524359288, 0.994395915619215, 1.1062045514674024, 1.0050862044388174, 1.0575675124053805, 1.0239359544294893, 1.048970104481357, 1.0583021386356903, 1.0146925472320774, 1.0328763234725638], "JSD": [0.09811442250924766, 0.1084557896422589, 0.10707819513766528, 0.1063272937454469, 0.10734718270655676, 0.10396816515016764, 0.10409158668874118, 0.10453417224621227, 0.10037950890714242, 0.1046885924296672, 0.10609201723851171, 0.09689270582353324, 0.11498669110902217, 0.10337531977481536, 0.10940061178090395, 0.10508807608181421, 0.10628329605822702, 0.10999359468491636, 0.10501187345359958, 0.10698053684636573], "Centrality_distance": [0.18775763342724286, 0.21599134522811647, 0.24109830884178637, 0.19941638441309323, 0.20086633095453751, 0.2116310640658805, 0.20209043623338976, 0.23537324196120638, 0.22018340547051696, 0.2106493500725751, 0.21490419405677733, 0.21305584712724604, 0.2061671819953175, 0.20531573303431752, 0.21852802355545067, 0.22204721498908553, 0.23236319356707275, 0.1861622160595421, 0.19659527094106377, 0.20995171352260716], "Density_distance": [0.0283839326544742, 0.026236632527482196, 0.032863510810522946, 0.026844432325291333, 0.03145563595376854, 0.026540997733808188, 0.02951665834252202, 0.029427193263561136, 0.025843842501172103, 0.03233339783293098, 0.029786832457233948, 0.02819185457140639, 0.029728700424311996, 0.028182749919444597, 0.02728467800830079, 0.02621807654253966, 0.024521874233592256, 0.030548982607806138, 0.025084109358152307, 0.0340530941289578], "Degree_distance": [0.5818702353695188, 0.5857661311906891, 0.6604513357474668, 0.5349765922647165, 0.6225015034637896, 0.6080631138804253, 0.5017304094976448, 0.5728053583624441, 0.47029312283694086, 0.565283816793081, 0.6343406998835227, 0.6857562330508001, 0.62825777201578, 0.5466825385165028, 0.6238923881058233, 0.5349635963998414, 0.5377688611192925, 0.5760202747801619, 0.5651147980785524, 0.5956401733608795], "MMD": [34.25680923461914, 32.923519134521484, 31.558347702026367, 28.388822555541992, 31.5006103515625, 29.92461395263672, 29.94542121887207, 28.008975982666016, 28.384376525878906, 32.13483810424805, 29.28173828125, 30.342914581298828, 32.85312271118164, 26.793209075927734, 26.873048782348633, 28.956783294677734, 28.00652313232422, 29.74592399597168, 28.330524444580078, 34.721343994140625], "KID": [3.1054606437683105, 3.3552870750427246, 5.852646827697754, 2.5376439094543457, 3.465648651123047, 2.9472317695617676, 2.7650198936462402, 3.3987793922424316, 15.72418212890625, 2.8208489418029785, 6.239409446716309, 2.8516292572021484, 5.83382511138916, 5.165953636169434, 2.400951862335205, 4.136098384857178, 2.041654586791992, 5.573908805847168, 2.7963008880615234, 4.938692569732666], "FID": [38.12380938227329, 35.7895596971226, 52.00571379382252, 33.314484882891065, 41.49422346683741, 36.89508449738871, 33.704386346588436, 39.08314653767998, 61.659912391300566, 34.26847265031212, 47.993495160210315, 36.146212423411754, 58.73175680639788, 44.4836646961258, 32.55978255190952, 44.00658446846502, 34.69168222426892, 47.87394332241914, 34.76803886915533, 47.4496325720463], "Precision": [0.28169014084507044, 0.34507042253521125, 0.3873239436619718, 0.3591549295774648, 0.3380281690140845, 0.33098591549295775, 0.36619718309859156, 0.36619718309859156, 0.352112676056338, 0.323943661971831, 0.3380281690140845, 0.3591549295774648, 0.31690140845070425, 0.38028169014084506, 0.38028169014084506, 0.36619718309859156, 0.38028169014084506, 0.34507042253521125, 0.34507042253521125, 0.3028169014084507], "Recall": [0.6126760563380281, 0.795774647887324, 0.5985915492957746, 0.7394366197183099, 0.6408450704225352, 0.5563380281690141, 0.6690140845070423, 0.8028169014084507, 0.7394366197183099, 0.7746478873239436, 0.8169014084507042, 0.7112676056338029, 0.7253521126760564, 0.6830985915492958, 0.7887323943661971, 0.6549295774647887, 0.6619718309859155, 0.8732394366197183, 0.7394366197183099, 0.7535211267605634], "Density": [0.1563380281690141, 0.23098591549295777, 0.2140845070422535, 0.2028169014084507, 0.19295774647887326, 0.17605633802816903, 0.20422535211267606, 0.2084507042253521, 0.22253521126760567, 0.16901408450704225, 0.22957746478873242, 0.22394366197183102, 0.1619718309859155, 0.2661971830985916, 0.21549295774647886, 0.24366197183098592, 0.19577464788732396, 0.23380281690140847, 0.22957746478873242, 0.1971830985915493], "Coverage": [0.29577464788732394, 0.49295774647887325, 0.3591549295774648, 0.36619718309859156, 0.3591549295774648, 0.24647887323943662, 0.3873239436619718, 0.33098591549295775, 0.47183098591549294, 0.2605633802816901, 0.44366197183098594, 0.36619718309859156, 0.34507042253521125, 0.4225352112676056, 0.3873239436619718, 0.43661971830985913, 0.3591549295774648, 0.3732394366197183, 0.3732394366197183, 0.38028169014084506], "F1_PR": [0.38594904283591025, 0.48140610079031787, 0.47033239076389594, 0.4834889880188567, 0.4426089912189088, 0.4150564755229908, 0.47332694264364145, 0.5029810199324233, 0.4770671427712614, 0.45685530893029136, 0.4781979094975892, 0.47730908056091514, 0.4411040367147352, 0.488584637982464, 0.5131624171005105, 0.4697533930007028, 0.48307125576021975, 0.4946793059416389, 0.4705618984740435, 0.43203059975270103]}