{"Frobenius_distance": [0.47569004027523654, 0.5597576873976978, 0.5531338121747807, 0.5519812212678973, 0.5064102622492826, 0.4902621002962313, 0.5383066549540085, 0.5427869655764663, 0.5235314907405816, 0.5096041579800086, 0.5442986004938042, 0.48414734426110173, 0.5010496667304812, 0.5107876313203895, 0.5697322651859833, 0.5031460539114055, 0.5434386736353053, 0.5432489546963704, 0.5441267469795255, 0.5147029022802417], "JSD": [0.028295326993504753, 0.04185206634031624, 0.04011735832309968, 0.0380407057772108, 0.0368729937469156, 0.034340315247914005, 0.042842122825912474, 0.04313299056528663, 0.037300159151202376, 0.030024903684789578, 0.0392327517187562, 0.029333784323159015, 0.03857124152466066, 0.03317017186441193, 0.041683415199667354, 0.029490994128470775, 0.04310982131416316, 0.04128147156818092, 0.04073565183303047, 0.03322188107605816], "Centrality_distance": [0.15616459942358482, 0.1880846442336991, 0.1866156361165107, 0.20438302037827022, 0.18262368475823182, 0.17627441068188698, 0.1743188875526391, 0.16645782893421765, 0.19592099297653703, 0.22185020850773776, 0.15961693912361863, 0.1873191091381482, 0.1838807122313952, 0.17550273256812166, 0.1838562456885809, 0.19137618925856295, 0.1911896993602253, 0.19937441976171486, 0.21682528667012885, 0.17572131341993263], "Density_distance": [0.02116995883219039, 0.0179632580823057, 0.01454195379265407, 0.019537657202223023, 0.019360111436441965, 0.01589866413629252, 0.017510475397963722, 0.021838367048451077, 0.023014165650720265, 0.024034775915028013, 0.016136233868493437, 0.021673449229471637, 0.018330224734286357, 0.018111900030667535, 0.02171766919666079, 0.019837645884564648, 0.02172081946825177, 0.023033249603044183, 0.02131471201966066, 0.020106314519246354], "Degree_distance": [0.4656434083511011, 0.5208464897235426, 0.5098260522939659, 0.5136802660162888, 0.4872218873801417, 0.4452754245552188, 0.4534370348770539, 0.3561871242119453, 0.5092500668386187, 0.5220369321557377, 0.46065368785453986, 0.4966713546051068, 0.4197199926814533, 0.48807946051676776, 0.4945445076102945, 0.39923528893321186, 0.4576933447084325, 0.405186341530133, 0.5555816864687315, 0.498053392035935], "MMD": [26.31718635559082, 32.694129943847656, 36.218441009521484, 29.781835556030273, 24.520668029785156, 25.658552169799805, 27.846038818359375, 26.90957260131836, 25.556333541870117, 29.426992416381836, 26.90851593017578, 26.35822296142578, 26.190534591674805, 19.394216537475586, 26.88241958618164, 28.949302673339844, 24.247528076171875, 26.302949905395508, 35.515071868896484, 30.822219848632812], "KID": [2.881040573120117, 2.914997100830078, 3.732701301574707, 2.823256015777588, 152.9693603515625, 2.3339219093322754, 3.3923115730285645, 1395.4908447265625, 3.055386543273926, 2.847116470336914, 2.5587306022644043, 2.7256484031677246, 29.952865600585938, 1.7312462329864502, 2.072899341583252, 1.639993667602539, 123.95440673828125, 4501.8271484375, 3.764266014099121, 2.220405101776123], "FID": [33.5525371756664, 33.67876974732718, 37.737033327129694, 46.46667936963922, 389.8692108883029, 28.92075941563978, 49.19817724034161, 339.18669565288434, 35.04534388373983, 34.31397952678819, 30.084983736816895, 38.55896567940751, 67.72994447751698, 24.220659490064975, 30.82786762709253, 313.69099565323097, 116.13303605910275, 354.87913430057125, 37.619389249786934, 38.39838646286607], "Precision": [0.47183098591549294, 0.4788732394366197, 0.4647887323943662, 0.4507042253521127, 0.528169014084507, 0.5352112676056338, 0.44366197183098594, 0.4084507042253521, 0.5140845070422535, 0.4084507042253521, 0.5211267605633803, 0.44366197183098594, 0.4295774647887324, 0.5633802816901409, 0.5070422535211268, 0.5633802816901409, 0.5140845070422535, 0.4859154929577465, 0.4154929577464789, 0.44366197183098594], "Recall": [0.9295774647887324, 0.9366197183098591, 0.8873239436619719, 0.9014084507042254, 0.9859154929577465, 0.9647887323943662, 0.9295774647887324, 0.8943661971830986, 0.8873239436619719, 0.8450704225352113, 0.8873239436619719, 0.8943661971830986, 0.9436619718309859, 0.971830985915493, 0.8873239436619719, 0.9366197183098591, 0.9225352112676056, 0.9225352112676056, 0.823943661971831, 0.8309859154929577], "Density": [0.2915492957746479, 0.3676056338028169, 0.34507042253521125, 0.3014084507042254, 0.3915492957746479, 0.3943661971830986, 0.29859154929577464, 0.3352112676056338, 0.36901408450704226, 0.27042253521126763, 0.35211267605633806, 0.2633802816901409, 0.33943661971830985, 0.40704225352112683, 0.3507042253521127, 0.376056338028169, 0.36338028169014086, 0.37183098591549296, 0.3408450704225352, 0.36901408450704226], "Coverage": [0.5845070422535211, 0.6830985915492958, 0.7253521126760564, 0.6549295774647887, 0.7394366197183099, 0.7394366197183099, 0.5985915492957746, 0.6056338028169014, 0.7112676056338029, 0.6056338028169014, 0.6267605633802817, 0.5845070422535211, 0.6267605633802817, 0.7394366197183099, 0.5633802816901409, 0.6830985915492958, 0.6197183098591549, 0.7746478873239436, 0.6197183098591549, 0.5915492957746479], "F1_PR": [0.6259577014583819, 0.633743790478487, 0.6100461878156609, 0.6009500782308265, 0.6878589323381121, 0.6884985540678408, 0.6006613062239519, 0.5608031687602171, 0.6510121956201624, 0.55073126385222, 0.65663039430026, 0.5931171390568185, 0.590405045340777, 0.7132811562219963, 0.6453372482724183, 0.7035747267875745, 0.6602565967879193, 0.6365602567610019, 0.5524278593520199, 0.5784873065003437]}