{"Frobenius_distance": [0.6191570974123504, 0.6457105632033112, 0.6479198435849576, 0.6718034359142114, 0.6062921326923993, 0.6562740028553798, 0.6387208934480292, 0.6596182443588796, 0.6269978071943533, 0.6376595401481939, 0.6055506605319876, 0.6470551193075836, 0.6244272143158851, 0.6218954089717111, 0.6101772923689189, 0.6190701869503938, 0.6304817388000571, 0.5984310696995447, 0.6484090754817365, 0.6386523137981558], "JSD": [0.22052755883656883, 0.22629842690919422, 0.2408131865336981, 0.2315294854647871, 0.22499029329084286, 0.22143070751257937, 0.2170185064583892, 0.2129613686257314, 0.21887725859603924, 0.21313570529912937, 0.2098151565034614, 0.22924488602035675, 0.2330939408375482, 0.20989401361667642, 0.21538213877012585, 0.2270017753628254, 0.21342918836693414, 0.21029877565772737, 0.22904146986767426, 0.2193140535786982], "Centrality_distance": [0.3433138624876242, 0.32768790676029963, 0.3581502247410824, 0.3376535076860126, 0.336949046478027, 0.338275305213026, 0.32734051005560827, 0.32016354760390275, 0.329920207914305, 0.32006638928613185, 0.31741452365740164, 0.33434018039389235, 0.35328104651087705, 0.2998898654368443, 0.3138047358164309, 0.34615089152459916, 0.3263031316099748, 0.3249648551516784, 0.3427732219319246, 0.3364370087918202], "Density_distance": [0.29581381488686126, 0.2989220022228255, 0.3092379825425566, 0.3123297492968215, 0.28612266350908316, 0.29763345728522306, 0.29400591654906294, 0.28204613022186187, 0.28748928930907086, 0.28837678387283194, 0.2759619855487895, 0.2909676651254479, 0.31268342414969047, 0.269491699171637, 0.279232013614203, 0.3060629957910842, 0.2802489359916329, 0.30298594861340816, 0.3035645764906404, 0.2752468636261413], "Degree_distance": [3.15734768805146, 2.7007751185133393, 3.1324305898443034, 3.373300065776477, 2.9379244229059323, 3.1118679424116396, 3.047448991674118, 2.8137640668286665, 3.069873822983091, 3.0520987152616117, 2.9822254593476556, 3.0139649694104573, 3.413334054184636, 2.289897105256613, 3.109215417684385, 2.89787299167681, 2.646170984282716, 2.949276733277019, 3.0862091352452334, 2.8774366018205364], "MMD": [375264032.0, 152513280.0, 825508672.0, 495767296.0, 487165856.0, 482133952.0, 748483008.0, 350193408.0, 996059776.0, 540195392.0, 531626112.0, 504250496.0, 782911360.0, 43025288.0, 488534144.0, 237833440.0, 225229568.0, 263895184.0, 547387968.0, 359505536.0], "KID": [3.2706404672394343e+25, 8.845538330747277e+24, 7.702273811955167e+25, 4.127944135861651e+25, 4.198550893478181e+25, 3.8943682342201275e+25, 6.092278882689945e+25, 2.8274327683483638e+25, 9.76296697112689e+25, 3.7667160734771546e+25, 3.487534747630801e+25, 4.4805458089643775e+25, 7.348211156721803e+25, 1.4950524022508096e+24, 4.2496788116900785e+25, 1.444636586006233e+25, 1.389486470541214e+25, 2.204325273137149e+25, 3.8040564339997593e+25, 2.889070949580558e+25], "FID": [8316564530.414169, 4871146925.8610935, 12384895258.301003, 9351873316.40743, 9425643760.775627, 9164229234.076159, 11418479785.485062, 7905361875.543524, 13794381995.597363, 9346079423.354494, 9149658764.210386, 9619015158.11956, 12099063125.596691, 2513562024.5239906, 9458169563.998432, 6041622309.102173, 5963927339.592078, 6951941116.792607, 9404574033.89447, 7958206258.794413], "Precision": [0.035211267605633804, 0.07042253521126761, 0.035211267605633804, 0.035211267605633804, 0.02112676056338028, 0.02112676056338028, 0.035211267605633804, 0.02112676056338028, 0.014084507042253521, 0.04225352112676056, 0.02112676056338028, 0.04225352112676056, 0.035211267605633804, 0.028169014084507043, 0.04929577464788732, 0.028169014084507043, 0.04929577464788732, 0.035211267605633804, 0.028169014084507043, 0.02112676056338028], "Recall": [0.9859154929577465, 1.0, 0.9295774647887324, 1.0, 1.0, 1.0, 0.9507042253521126, 1.0, 1.0, 0.9929577464788732, 0.9859154929577465, 0.9929577464788732, 0.9929577464788732, 1.0, 0.971830985915493, 1.0, 0.9366197183098591, 0.9507042253521126, 0.9014084507042254, 1.0], "Density": [0.028169014084507046, 0.022535211267605635, 0.032394366197183104, 0.028169014084507046, 0.011267605633802818, 0.014084507042253523, 0.009859154929577466, 0.004225352112676057, 0.004225352112676057, 0.022535211267605635, 0.004225352112676057, 0.033802816901408454, 0.009859154929577466, 0.023943661971830985, 0.028169014084507046, 0.018309859154929577, 0.029577464788732397, 0.01267605633802817, 0.023943661971830985, 0.005633802816901409], "Coverage": [0.09859154929577464, 0.04225352112676056, 0.09154929577464789, 0.11267605633802817, 0.04929577464788732, 0.07042253521126761, 0.02112676056338028, 0.007042253521126761, 0.02112676056338028, 0.09859154929577464, 0.02112676056338028, 0.09154929577464789, 0.028169014084507043, 0.1056338028169014, 0.11971830985915492, 0.07746478873239436, 0.1056338028169014, 0.04225352112676056, 0.056338028169014086, 0.02112676056338028], "F1_PR": [0.06801284001042646, 0.1315964887787623, 0.06787096293979983, 0.06804589644934751, 0.0413984997011093, 0.0413984997011093, 0.06792606694207866, 0.0413984997011093, 0.027797229751857673, 0.08107620904566525, 0.04138626188225687, 0.08107620904566525, 0.06802948143466753, 0.05481345450814518, 0.09385011928881463, 0.05481345450814518, 0.09368007166667495, 0.06792606694207866, 0.05464963961407044, 0.0413984997011093]}