{"Frobenius_distance": [1.027301057179769, 1.4774070302645366, 0.9007518331209818, 1.169507207473119, 1.4605893115202586, 1.1209686219692232, 1.2389804263909658, 0.9400525351365406, 1.0147618631521862, 1.130193759997686, 1.4924321134885155, 0.9722615480422975, 1.092296725511551, 1.397475850582123, 1.2281688123941423, 1.4278540352980296, 1.0129608412583668, 1.158068001270294, 1.2270326554775237, 1.0269426186879476, 1.340422836939494, 0.9577860752741496, 1.5469643354415894, 1.1777875900268555, 0.9264495293299359, 1.639378571510315, 0.9546945015589396, 0.9705235004425049, 1.2395116090774536, 1.4391716480255126, 1.1586804946263631, 1.4231430689493816, 1.5377802054087322, 0.9118481874465942, 0.9434094429016114, 1.0245904684066773, 1.3454395612080892, 0.8503712177276612, 1.197347100575765, 1.0775891462961833, 25.296221725145973, 25.846712676684064, 25.17552947203318, 25.56323413054148, 25.255744353930158, 25.409010306994123, 24.585339538256328, 25.399836723009745, 24.858510454495747, 25.67410512765249, 24.844751032193503, 25.065794618924453, 24.999001622200012, 24.41614029407501, 24.45442071755727, 25.246792658170065, 24.708224415779114, 25.311845707893372, 24.79770793120066, 25.297496215502417], "JSD": [0.15517991880575815, 0.1749112676208218, 0.11788473750154177, 0.14475103666385014, 0.15757885264853635, 0.138876469930013, 0.14323683679103855, 0.12750163127978642, 0.15702063627541063, 0.1376789023478826, 0.1909752813478311, 0.15835610503951708, 0.15179239834348363, 0.1401896851758162, 0.12870562622944515, 0.17018582026163737, 0.14701302150885265, 0.14378868341445922, 0.17325728336970012, 0.1521022933224837, 666.3044880956411, 666.3044880956411, 666.3044880956411, 666.3044880956411, 666.3044880956411, 666.3044880956411, 666.3044880956411, 666.3044880956411, 666.3044880956411, 666.3044880956411, 666.3044880956411, 666.3044880956411, 666.3044880956411, 666.3044880956411, 666.3044880956411, 666.3044880956411, 666.3044880956411, 666.3044880956411, 666.3044880956411, 666.3044880956411, 666.3044880956411, 666.3044880956411, 666.3044880956411, 666.3044880956411, 666.3044880956411, 666.3044880956411, 666.3044880956411, 666.3044880956411, 666.3044880956411, 666.3044880956411, 666.3044880956411, 666.3044880956411, 666.3044880956411, 666.3044880956411, 666.3044880956411, 666.3044880956411, 666.3044880956411, 666.3044880956411, 666.3044880956411, 666.3044880956411], "Laplacian_spectrum_distance": [3.1899997422504986, 3.3493040600651693, 3.3166683862433555, 3.421819744088604, 3.5623720234438334, 12.090021145364426, 3.470549939604548, 2.414129200674817, 3.790083907532349, 6.450112580302029, 3.3031993617971414, 14.786568236975626, 4.292811217730881, 1.7355298542512982, 8.70259256416594, 11.296181593535646, 2.792567301871597, 11.432376474021037, 4.108647481200592, 12.246471880225211, 3.841739261336162, 3.469895237846477, 4.036948422906568, 4.314312008059803, 3.3680922864099334, 5.112166541249299, 2.925255779521414, 5.602263742166949, 5.450767023677275, 5.465133543479803, 5.366332653476705, 5.007612195671945, 3.775830371438211, 4.157940617991824, 4.526818712392576, 3.880758898327862, 4.5841192777708395, 4.892618776242804, 4.663641353295454, 6.022517450907567, 6.6585819227505, 8.934875066452133, 7.804593999618259, 7.285473223012758, 8.66538813293549, 5.898821779585458, 7.151778428196502, 7.476338892642657, 5.1136348329111785, 8.20261540977084, 8.511107005037085, 7.96828495270306, 6.7004667976194945, 7.120911768501436, 6.84157905005687, 7.899229951171224, 6.636120357613266, 6.847154733569198, 5.962159131402807, 5.664160334100141], "Centrality_distance": [0.2702857959699918, 0.2261032247355052, 0.22611946249305184, 0.2133640607726691, 0.22407892584672318, 0.18803509424124326, 0.1912503792145792, 0.17129243207060105, 0.24184384616816382, 0.19441248831939673, 0.2491003158368386, 0.17817982415093186, 0.2306719547404169, 0.19891678556757236, 0.23152196508541875, 0.21941728356370735, 0.25921922218905774, 0.20203971071128252, 0.2802206644730936, 0.26795915718113167, 0.25376435623409865, 0.2693038593395688, 0.2684823535026781, 0.28716435185604183, 0.28159739972165254, 0.2671538916002292, 0.2691555275013421, 0.2863000357962031, 0.26627313103029315, 0.27990794426900434, 0.27218530320914186, 0.28210636412542184, 0.21237898764192784, 0.27786716124712896, 0.26614518276686516, 0.2860559569561151, 0.26464893623879127, 0.29237347041227796, 0.2675272186366142, 0.2555476422248312, 0.302208461509053, 0.30608845571404786, 0.3015521819088828, 0.27948374663429215, 0.30296188964145904, 0.2704533752010468, 0.3266707935016627, 0.25826771377977226, 0.2501697201477165, 0.3003529107898292, 0.2740066746844095, 0.28290526374891867, 0.29873155485178976, 0.277192813899495, 0.29188090859540977, 0.29880251832681504, 0.28942615826307094, 0.2896690509014562, 0.2979750692916442, 0.22210554685346243], "Density_distance": [0.09074602684896803, 0.09056370916665035, 0.09609664210154407, 0.08559005945035358, 0.17212136447430568, 0.17683060087709046, 0.09225461085755204, 0.06435452347217054, 0.07950237771058204, 0.1432180938319046, 0.1003310483089895, 0.14729023620627035, 0.06253864463423287, 0.1131245742275154, 0.17162396517788675, 0.13475574323771666, 0.060164097884686116, 0.16211766447060566, 0.11891110251404369, 0.13765735029254955, 0.08670923274638444, 0.08198511183805302, 0.08679507039801157, 0.07356045642810348, 0.055850217821967044, 0.11035982535982536, 0.13815130675424792, 0.09601039968367334, 0.07934981828170683, 0.09399659207321748, 0.09561598260127671, 0.07708589190593834, 0.10283910669940081, 0.1106132769735711, 0.1070600369129781, 0.08339176074470192, 0.09458238355137333, 0.1390988205694088, 0.09037570272864391, 0.056529494041103946, 0.16326095473154295, 0.14915280525574642, 0.13070569680863797, 0.13468167453461571, 0.13126976237270355, 0.1304055693761576, 0.12442258177552296, 0.13893834379128497, 0.14239354599648718, 0.13912113621672442, 0.16212358447652564, 0.14825157685451806, 0.13699630434924553, 0.1436712035241447, 0.14148832920891743, 0.13366310976605095, 0.14963958699252816, 0.1348121350327233, 0.14785771146065263, 0.1438968574997987], "Degree_distance": [1.9789873797919573, 1.9800419001958711, 1.5822830065420126, 1.7301730867245388, 1.9887651032102904, 2.1303911658331955, 2.008776526928952, 1.330777178713805, 1.9845615179743372, 2.0694041154643896, 2.1594086938220824, 2.3118028640035497, 2.108397115295257, 1.8324004860258718, 2.1405211019064083, 2.059647071229355, 1.7599542214403936, 2.257643204207846, 2.4142506364709506, 2.356546579494719, 2.3680916540359496, 2.3343077665977905, 2.1905680881749885, 2.180181880482319, 1.9691622754872447, 2.264151777624512, 2.2764035333227097, 2.224634939179246, 2.4102555053690025, 2.290408011262394, 2.4676225071941467, 2.3703840822684112, 2.4105965719662867, 1.980852839335705, 2.297748964366627, 2.134716171961955, 2.201740904078865, 2.31919445295396, 2.2740729984743737, 1.9802830845260708, 2.5226552794712136, 2.662518498268785, 2.7208476348193757, 2.674970456999887, 2.561939833964559, 2.644563900303569, 2.488672700750649, 2.6040465586889603, 2.2906734159690454, 2.5786801157334143, 2.477640192419034, 2.631389119278916, 2.6815506675292102, 2.440374479709933, 2.728785338413979, 2.6663302587988067, 2.634580436269351, 2.4689739938169173, 2.5233110725008894, 2.3283528908761593]}