{"Frobenius_distance": [0.5751213595980689, 0.6242011310450948, 0.5900835050031695, 0.5785807596869161, 0.6252412444959724, 0.5710766454259443, 0.5713434286812107, 0.6101006013338639, 0.591528778231259, 0.6162200629989418, 0.5700178159793292, 0.5627480564442446, 0.5916535038574069, 0.5901442473490514, 0.6103190835227932, 0.569446805274416, 0.5952125327074376, 0.593897076076783, 0.6494644798707115, 0.6489333882496582], "JSD": [0.0451270857734859, 0.049026989733926093, 0.04327779592284709, 0.04391363503807363, 0.04416994611714401, 0.04255501924855405, 0.04148115988460205, 0.04743495624161123, 0.04568766122651999, 0.04616356483972818, 0.04213102315811958, 0.04049362984914628, 0.044119148991985775, 0.04365047636064198, 0.04463484804906876, 0.04057084529608757, 0.04331336218041681, 0.04454224922511943, 0.04660394777307027, 0.04965275252116754], "Laplacian_spectrum_distance": [3.030564661827601, 3.126160889951175, 2.976661675879232, 2.90437650465946, 3.036253082747918, 2.9613421187971514, 2.9475995389085736, 2.849702666166092, 3.1132344048047758, 2.985728425671893, 2.958224005977366, 2.888497661774247, 2.9765452480088177, 3.0279913964180905, 3.0147721545145947, 3.0925358766977324, 3.0206923786913755, 3.0199796779511057, 3.048794672066095, 2.856100395411126], "Centrality_distance": [0.18137695930856867, 0.19531593172725265, 0.1669911126506171, 0.17601009199055162, 0.1727124143776456, 0.1859676879355634, 0.1764244018859289, 0.17770926831650113, 0.18422784301193654, 0.2055568959988298, 0.1859503341224766, 0.18561503623148662, 0.1630867277742353, 0.17767220626452393, 0.1671251490213815, 0.17361831164156702, 0.16970892131946444, 0.14209245356792746, 0.17291222611142829, 0.19975853676060323], "Density_distance": [0.04483896126869983, 0.046632764648637665, 0.04578369943332595, 0.04331625601116731, 0.05021336804600109, 0.04952558788343102, 0.05568577474156372, 0.04157345978190983, 0.0523647897819233, 0.04092390590873317, 0.04934738248230312, 0.04858765378723362, 0.04614910036361951, 0.04530977192741898, 0.059042409763698275, 0.05824117232147111, 0.045470208155782385, 0.049946945539849366, 0.051060868101017495, 0.042894017185567145], "Degree_distance": [0.55918073368943, 0.7556950000099601, 0.6477524123797586, 0.7078879155292882, 0.5341103609322886, 0.583219378086738, 0.6218934042163005, 0.6033102226897655, 0.672693945715209, 0.6348435162256326, 0.6839389491965241, 0.6762598380103997, 0.5894889110372277, 0.5869927967081817, 0.7120377511171576, 0.7084527353041429, 0.6609884342835102, 0.5845720013578579, 0.650657597480835, 0.6014230221821244]}