{"Frobenius_distance": [1.1081018495257773, 1.1202095567337458, 1.0458831323833133, 1.1042916644261405, 1.1264945456301159, 1.0381275372623175, 1.127874493018356, 1.1055225554232904, 1.0833460474629426, 1.075806509086516, 1.0676794810327745, 1.103469700153153, 1.1518686983383315, 1.079035989586886, 1.0890144707061702, 1.056974974109612, 1.0885265216958848, 1.0612995874270168, 1.10675219951103, 1.0467350447270989], "JSD": [0.11294121340367619, 0.1113402904716822, 0.10267244023911246, 0.10754600346115656, 0.11189655204029769, 0.10502417875222521, 0.11594553775247374, 0.11219870170163289, 0.10851697517709401, 0.10724572086274614, 0.10770275753233956, 0.11066680717636225, 0.11775468226989971, 0.1093507221638546, 0.10804359556655922, 0.10680289789525857, 0.1091062696464863, 0.1047016886281108, 0.11333364886220126, 0.10317016190764954], "Laplacian_spectrum_distance": [3.5641064518332675, 3.900697466957293, 3.548668683114924, 3.908895092244977, 3.9536855814463574, 3.508106117599734, 3.7126340724976994, 3.7248428347304205, 3.873579118188255, 3.812618120025911, 3.700017063667751, 3.6511626647619235, 3.6799191268307094, 3.4929096097394683, 3.886855618415841, 3.687183363566801, 3.6343556505010053, 3.6011090842910707, 3.419060028347243, 3.4897707788706582], "Centrality_distance": [0.2731455439883884, 0.2792741075366148, 0.21087945809934353, 0.2394928852273963, 0.22674581731936877, 0.23705549028896156, 0.278415655686737, 0.26369954782768834, 0.2601860415954675, 0.25897400427509987, 0.246669683396294, 0.2833262629600048, 0.25102127539586677, 0.27128103720064467, 0.27005416638446483, 0.24089039987446992, 0.26163053133960534, 0.24062871481891449, 0.2523116932204108, 0.2294362953821408], "Density_distance": [0.02412658018400315, 0.02569551920742397, 0.031168305922040746, 0.02833716245714378, 0.036177894709640744, 0.02856071432285251, 0.032418827670928504, 0.026287425615156707, 0.03656272553914944, 0.025933317771553065, 0.034962398712398715, 0.02326347283280056, 0.02517849533839263, 0.02310315078288934, 0.028460337730879276, 0.027318604727568307, 0.028489857740558018, 0.03064662310577343, 0.024689900349330784, 0.030826192386649902], "Degree_distance": [0.6409798659082343, 0.7298467843320563, 0.5537193548319153, 0.6489352585578743, 0.6161476467103968, 0.577876932132659, 0.707348634523324, 0.6763868070849005, 0.643674478014501, 0.7786536763277165, 0.7441352702106477, 0.650037119084793, 0.7066572828197858, 0.604466190740819, 0.7283474412600449, 0.6630406382326527, 0.5366945426307319, 0.6027282680386421, 0.6107766608157306, 0.6284669978277331]}