{"Frobenius_distance": [0.6280747784471497, 0.6835625641671734, 0.7451675382352045, 0.695175161322366, 0.7638399293183018, 0.7229568065047598, 0.7181748973110031, 0.708805740610521, 0.7197843999996982, 0.7538178145644303, 0.7100922416386632, 0.7553871593332869, 0.7559211513575386, 0.8171824620848239, 0.6682873371379827, 0.6899016846944119, 0.6918246143857822, 0.7486143794269009, 0.7073359872966105, 0.7756365583946947], "JSD": [0.23032953739099593, 0.2360362039592292, 0.24346133526913194, 0.24424297156770663, 0.2404032451946171, 0.23599062404843724, 0.23189029161669916, 0.24845266750142087, 0.23871948866801462, 0.23394550703105932, 0.24339760695950793, 0.237746296581136, 0.22256722584706806, 0.2451651802728833, 0.23160944874576678, 0.23461701359256054, 0.23729659024996458, 0.24589205165299444, 0.22680216692202548, 0.24757684423069948], "Laplacian_spectrum_distance": [24.502963666193505, 27.23652701476186, 31.119137878118426, 27.00960398489818, 29.901266862354497, 27.92061371880094, 28.47831382325041, 29.161530421223944, 29.253252774726118, 28.699729474155472, 29.40038525896373, 30.450236241457553, 28.404588906429893, 30.772578266275197, 27.459267132427193, 26.38682774609689, 27.842652176182025, 27.18855383105811, 27.39095751741354, 31.599622738091195], "Centrality_distance": [0.34674701989880014, 0.358034913605613, 0.3500661890948512, 0.3395969943679734, 0.3602681580830739, 0.3484366073355758, 0.3308755895783895, 0.35916788035577096, 0.3491493771678902, 0.33344431783131856, 0.34929399367781355, 0.35391424272420474, 0.32020205078763264, 0.35458700833690293, 0.33386126840175384, 0.3312398570015316, 0.34117668259461564, 0.35028762030392485, 0.31654194301250327, 0.35334485092073087], "Density_distance": [0.3053906977759432, 0.3012297853328608, 0.3151486239714252, 0.31110584258056645, 0.30182546475430394, 0.31030931180334453, 0.29006551661192725, 0.3192269441163603, 0.3154509581057052, 0.3031127185475271, 0.32485513059853394, 0.3075499127163636, 0.28858544597453356, 0.31584902713530844, 0.3020714370935291, 0.3062730998881405, 0.31069432057057955, 0.32833753641914387, 0.29553118765519226, 0.3272729000720079], "Degree_distance": [3.7038690165957107, 4.071691116454229, 4.606730851497114, 4.034869972817805, 4.431480852808074, 4.1248303437720395, 4.259802332143137, 4.213180988586149, 4.280855150352325, 4.281157231216562, 4.215377233521993, 4.4524237492625325, 4.164744717924107, 4.6000297623108874, 4.1082081662698435, 3.846591882454148, 4.1676517694815844, 4.210443376344904, 4.058904582747125, 4.508642861154743]}