{"Frobenius_distance": [0.6779321064171374, 0.6617807053495633, 0.6587962352780586, 0.6744140799231816, 0.6913391473190903, 0.6634248002681857, 0.717529330048055, 0.7079521315698123, 0.6549363050214457, 0.7104656082538292, 0.6946083100310301, 0.7558855690690464, 0.7173804112286573, 0.6735129981444625, 0.7185827891588434, 0.6204002090862819, 0.6722617140967936, 0.6754814836380083, 0.6591756647226041, 0.5996607471803546], "JSD": [0.23337372527456324, 0.2313651212799217, 0.23200624703096007, 0.21314805249660082, 0.23420983954050734, 0.2408115002231303, 0.25796211289996707, 0.24451496977716455, 0.24016389817551909, 0.23050584656899747, 0.22906854534234738, 0.2430000740218788, 0.2521177327330521, 0.24152334869952008, 0.24225551833622122, 0.22281925272581465, 0.22358834113009154, 0.24660797829398007, 0.2345518534940601, 0.21730844796228826], "Laplacian_spectrum_distance": [25.91702654906163, 23.577810077748204, 25.2303032960505, 24.195324242155177, 26.972706534044843, 27.73913746988013, 29.6043341070677, 29.39288809450702, 26.02959045487887, 28.862800974632876, 27.383769833617727, 30.17617644844579, 29.449570650079927, 26.579616896695033, 27.09799759021103, 24.59260851338709, 28.34767119056952, 26.675130926658262, 23.357949684288794, 21.427887462833702], "Centrality_distance": [0.33132370561238533, 0.34182170162882475, 0.34089114610398097, 0.3142320585489095, 0.3395876827761085, 0.35568541509020796, 0.3837502298566413, 0.3645470103745212, 0.35640204164251105, 0.3478055246897197, 0.33603588602313017, 0.35521679014790786, 0.3655689769638476, 0.3462890205440343, 0.3368831497635777, 0.33195471912956614, 0.33830283479714696, 0.36200436097043487, 0.3414501507075807, 0.30957456964658214], "Density_distance": [0.3026885758900247, 0.30387203919981515, 0.30170467006758983, 0.29145014698302685, 0.30174414363791907, 0.3025922799552755, 0.3274379460882022, 0.3144679882179453, 0.3165980697658279, 0.3030728585810334, 0.3071936524783805, 0.3064922053541855, 0.3347138861151131, 0.3086370034940265, 0.31385342097142915, 0.2958848376013065, 0.28689010842257656, 0.31487835688514754, 0.3081023936956065, 0.28659618563725053], "Degree_distance": [3.9877696848839213, 3.6782107711872953, 3.8165186919899954, 3.758981826158689, 3.9867063770108206, 3.9882712808832004, 4.418964605944722, 4.30113003635622, 3.9224205174225824, 4.182418522994571, 4.2391027079946895, 4.611058198051168, 4.357831732760698, 3.9687673029807664, 4.094530595878504, 3.6808707244488286, 4.0779964405834015, 3.932440693575441, 3.620774145345027, 3.4753376380153767]}