{"Frobenius_distance": [0.6393442838651311, 0.6402443006667177, 0.6474083902529382, 0.6345920651195727, 0.5935608642738703, 0.6316954173405074, 0.6301515945422103, 0.6589511691652055, 0.6613021466392911, 0.666440130229906, 0.636828281758472, 0.6330236953624936, 0.6171953207749724, 0.6296416366504725, 0.6377175110840108, 0.6395746958875375, 0.6686427986477158, 0.667580566849992, 0.6644221233386619, 0.6325039161724574], "JSD": [0.05189025035383655, 0.049905673956276465, 0.05353755860096971, 0.053298889734535025, 0.04710849329059347, 0.05092400525390193, 0.04875932599186267, 0.05269031141439109, 0.05164011246966789, 0.05166987636208608, 0.050022886670288765, 0.04715194500034338, 0.05032752096198483, 0.05070901992865582, 0.04899506370574375, 0.053127931542126444, 0.049936168526994666, 0.05807784564892822, 0.05254553255172596, 0.05211932377821925], "Laplacian_spectrum_distance": [2.960211248724878, 2.8494540665840447, 2.944164445576307, 2.8917906740730577, 2.9769182712746125, 3.026202169910118, 3.04702658193619, 4.419884291911573, 3.1597040190955927, 3.0759847723545843, 2.989051139296346, 3.0734467856915924, 2.804441268580015, 3.00185350916966, 3.200780553089266, 2.890750776941853, 3.075144705481626, 3.083808443875114, 3.0333018164740335, 3.0048857209763407], "Centrality_distance": [0.18032943067863072, 0.19613541970012274, 0.18052090106607505, 0.18382457376897507, 0.1533646749135363, 0.1901682912379622, 0.1599585478422358, 0.2002942811177988, 0.16716242135122567, 0.18743303642982134, 0.20266819315416426, 0.19353950002745524, 0.16580061992209988, 0.17585891111265797, 0.1754206215438212, 0.18445976292289418, 0.17991013254327995, 0.20488514660043028, 0.19127966044081696, 0.19006740088207272], "Density_distance": [0.04779327599122183, 0.0535108660575514, 0.049910911485374604, 0.044363188467997056, 0.043519487912578474, 0.04316792079863976, 0.048114643595502604, 0.05059592781658759, 0.055119147978625105, 0.044966009843460816, 0.049772665390079025, 0.0550458509830592, 0.04551788716004403, 0.050676283852054166, 0.054892936281825164, 0.038130267128866566, 0.054343699752196474, 0.05032810417614338, 0.04847615744907996, 0.04867332722608166], "Degree_distance": [0.6472021517047051, 0.6208002711523933, 0.6611974591349862, 0.6895482694404965, 0.692887829622482, 0.5785548197533615, 0.708373355410252, 0.7647936811050369, 0.5853170345898371, 0.6128834745086238, 0.818263109908207, 0.6784615860865519, 0.5297856788091395, 0.654671148113442, 0.7327333182027268, 0.5679322166640484, 0.8281018070688457, 0.6782427686405019, 0.6454633996617822, 0.762589544597067]}