{"Frobenius_distance": [0.9389777341087102, 0.9168004894364188, 0.9295776114707196, 0.922626120414164, 0.9798428075746923, 0.9623706980431298, 0.918168799149222, 0.9751756635719172, 0.9548256314481637, 0.937983629214144, 0.9161055836825984, 1.0085444925323366, 0.9461285959768065, 0.9548165873356264, 0.9314474833037599, 0.9525317895460678, 0.9313815096290616, 0.9097656505244416, 0.9688971725749034, 0.9928617783918063], "JSD": [0.08744483954278091, 0.08315645172372298, 0.083442930383286, 0.08364642888343515, 0.08912164968166848, 0.08824771959247654, 0.0834599878628258, 0.08780170781506005, 0.08759959283839347, 0.08647185396420465, 0.0864073630231593, 0.09024209099993634, 0.08501370248688839, 0.08592154194299136, 0.08548820956502605, 0.08710383891101627, 0.08702915716934294, 0.08063098682583983, 0.08703738838420352, 0.0929643454619733], "Laplacian_spectrum_distance": [4.0172586272830095, 3.650599384533506, 3.7437449698895304, 3.6845420603485324, 3.8920510929992913, 3.8463344405744992, 3.787783551626658, 3.6890586854807452, 3.75845729802278, 3.84382466432905, 3.2198107773756672, 3.7618575318732335, 3.5933954905798764, 3.637596662946716, 3.8027165104746325, 3.8237942236504154, 3.8108928443225034, 4.020516925166727, 3.836792487744315, 3.9065801817686445], "Centrality_distance": [0.24305602120210124, 0.18942052335239992, 0.2109270633008136, 0.2071841435542256, 0.23283394283447822, 0.21623058996256042, 0.220291142976459, 0.22307922507012934, 0.21549656825587565, 0.20443541573542284, 0.2099999126646916, 0.25952646032096527, 0.20711843183715586, 0.22761274884377566, 0.22698471365637407, 0.24752323753835645, 0.24400458224903593, 0.2227379064208303, 0.2156047383124673, 0.21926536262890733], "Density_distance": [0.026937837683636, 0.026990446830549537, 0.0318819864991667, 0.02882901921884181, 0.027867721983034773, 0.024483353343063893, 0.03046110700172324, 0.02780483448667389, 0.03034050121818562, 0.02494841414075774, 0.024307761695716877, 0.03456370582421003, 0.02935344499536843, 0.03173825672891966, 0.03042021453319306, 0.024720282009030838, 0.027398418272601283, 0.03187515634761199, 0.02683649605918513, 0.027079398149659577], "Degree_distance": [0.5157881716529671, 0.49524978098751254, 0.5372497929120389, 0.6183075877217863, 0.5812518800592376, 0.5213986455927699, 0.4900992500156884, 0.6055483659717695, 0.4334285113465698, 0.5147767019069233, 0.5208330162803692, 0.6605382262189882, 0.517394704597509, 0.5495041901269543, 0.6216509622174579, 0.6357322353350927, 0.5457703965067743, 0.5637175738201812, 0.5536974816400035, 0.5732463582860607]}